[ {
  "id" : "13e60380-19bf-11e9-b91a-632a538f72de-1",
  "name" : "Doc 1",
  "createdDate" : 0,
  "text" : "Ya think ‚Å¶CBS‚Å© is fear-mongering much?  What does Obamacare have to do with Medicare, Medicaid OR Employee-sponsored healthc‚Ä¶",
  "status" : "SUBMITTED",
  "modifiedDate" : 1547664502933
}, {
  "id" : "13e60380-19bf-11e9-b91a-632a538f72de-10",
  "name" : "Doc 10",
  "createdDate" : 0,
  "text" : "Kashan municipal workers and Pars Pamchal Chemical Company workers, have unpaid wages.\n\nWorkersRights Iran\n\nhttps://t.‚Ä¶",
  "status" : "SUBMITTED",
  "modifiedDate" : 1547664511816
}, {
  "id" : "13e60380-19bf-11e9-b91a-632a538f72de-11",
  "name" : "Doc 11",
  "createdDate" : 0,
  "text" : "Under the Workers‚Äô Compensation Act, employers have a number of responsibilities when a work-related injury/illness occurs. These responsibilities include recording and reporting any worker entitlement and/or return-to-work issues. yeg yyc WCBAlberta AB",
  "status" : "SUBMITTED",
  "modifiedDate" : 1547664521511
}, {
  "id" : "13e60380-19bf-11e9-b91a-632a538f72de-12",
  "name" : "Doc 12",
  "createdDate" : 0,
  "text" : "Days of protests in Budapest joined by workers around the country. FreeCourts RuleofLaw LabourRights WorkersRights MediaFreedom  Hungary https://t.co/j4xBIyYqf6",
  "status" : "SUBMITTED",
  "modifiedDate" : 1547664530582
}, {
  "id" : "13e60380-19bf-11e9-b91a-632a538f72de-13",
  "name" : "Doc 13",
  "createdDate" : 0,
  "text" : "After all I lost the job because there was discrimination at my work place against colour and race. All because I'm not white but black or brown woman.",
  "status" : "SUBMITTED",
  "modifiedDate" : 1547664539533
}, {
  "id" : "13e60380-19bf-11e9-b91a-632a538f72de-14",
  "name" : "Doc 14",
  "createdDate" : 0,
  "text" : "Two workers were injured today in Tehran, due to the lack of safety in workplace. Iran holds the dubious record for the high number of deaths and injuries in the workplace.\n\nIran workersrights HumanRights \nhttps://t.co/cM7D247dY9",
  "status" : "SUBMITTED",
  "modifiedDate" : 1547664558634
}, {
  "id" : "13e60380-19bf-11e9-b91a-632a538f72de-15",
  "name" : "Doc 15",
  "createdDate" : 0,
  "text" : "Way to be a completely heartless employer, WeAreSinclair. https://t.co/WA1xCIPYo4",
  "status" : "SUBMITTED",
  "modifiedDate" : 1547664569283
}, {
  "id" : "13e60380-19bf-11e9-b91a-632a538f72de-16",
  "name" : "Doc 16",
  "createdDate" : 0,
  "text" : "'Unless unions get the right to organise and bargain for workers in places like Uber and Amazon, too many working peop‚Ä¶",
  "status" : "SUBMITTED",
  "modifiedDate" : 1547664578278
}, {
  "id" : "13e60380-19bf-11e9-b91a-632a538f72de-17",
  "name" : "Doc 17",
  "createdDate" : 0,
  "text" : "Worker is brown man or black man. His employee was discriminating against race and colour and ethnicity.",
  "status" : "SUBMITTED",
  "modifiedDate" : 1547664589418
}, {
  "id" : "13e60380-19bf-11e9-b91a-632a538f72de-18",
  "name" : "Doc 18",
  "createdDate" : 0,
  "text" : "For all those who criticise Trade Unions ‚ÄòPut up or shut Up‚Äô TradeUnions WorkersRights https://t.co/z7ZMsd5oHQ",
  "status" : "SUBMITTED",
  "modifiedDate" : 1547664597309
}, {
  "id" : "13e60380-19bf-11e9-b91a-632a538f72de-19",
  "name" : "Doc 19",
  "createdDate" : 0,
  "text" : "Right to request guaranteed working hours is no right at all. When the employer says no, that‚Äôs the end of the conversat‚Ä¶",
  "status" : "SUBMITTED",
  "modifiedDate" : 1547664607778
}, {
  "id" : "13e60380-19bf-11e9-b91a-632a538f72de-2",
  "name" : "Doc 2",
  "createdDate" : 0,
  "text" : "MichaelEHayden Investigate your new employer and the ADL, they both seem pretty dodgy.",
  "status" : "SUBMITTED",
  "modifiedDate" : 1547664615558
}, {
  "id" : "13e60380-19bf-11e9-b91a-632a538f72de-20",
  "name" : "Doc 20",
  "createdDate" : 0,
  "text" : "Iranian Steel Group workers chanting:\n\nOur country is full of thieves, setting an example for the world\n\nIran US USA‚Ä¶",
  "status" : "SUBMITTED",
  "modifiedDate" : 1547664627261
}, {
  "id" : "13e60380-19bf-11e9-b91a-632a538f72de-21",
  "name" : "Doc 21",
  "createdDate" : 0,
  "text" : "WHY do you need a union .Can't you talk to your \nsupervisor on your own without a union .Here in Texas there are very‚Ä¶",
  "status" : "SUBMITTED",
  "modifiedDate" : 1547664842964
}, {
  "id" : "13e60380-19bf-11e9-b91a-632a538f72de-22",
  "name" : "Doc 22",
  "createdDate" : 0,
  "text" : "laplanck Oh, and it wrongfully minimizes the fact that unions were also pushing for worker safety and better hours and instead makes it sound like they were only interested in more money for workers.",
  "status" : "SUBMITTED",
  "modifiedDate" : 1547664858200
}, {
  "id" : "13e60380-19bf-11e9-b91a-632a538f72de-23",
  "name" : "Doc 23",
  "createdDate" : 0,
  "text" : "15 petrochemical workers in Iran have been issued prison and flogging sentences. Their crimes? Peacefully protesting unpaid wages‚Ä¶",
  "status" : "SUBMITTED",
  "modifiedDate" : 1547664868387
}, {
  "id" : "13e60380-19bf-11e9-b91a-632a538f72de-24",
  "name" : "Doc 24",
  "createdDate" : 0,
  "text" : "Is blaming the opposition for Zimbabwe‚Äôs crisis not like blaming an a person who unsuccessfully applied for a job for t‚Ä¶",
  "status" : "SUBMITTED",
  "modifiedDate" : 1547664880057
}, {
  "id" : "13e60380-19bf-11e9-b91a-632a538f72de-25",
  "name" : "Doc 25",
  "createdDate" : 0,
  "text" : "What it takes to loose a job? Just be a Muslim, coloured woman. Discrimination against religion and colour is bad.",
  "status" : "SUBMITTED",
  "modifiedDate" : 1547664888707
}, {
  "id" : "13e60380-19bf-11e9-b91a-632a538f72de-26",
  "name" : "Doc 26",
  "createdDate" : 0,
  "text" : "Ilhan Omar Protests With Muslim Amazon Employees To Demand A More Islamic Workplace\n\nVia: LauraLoomer \nhttps://t.co/dLCmW‚Ä¶",
  "status" : "SUBMITTED",
  "modifiedDate" : 1547664897221
}, {
  "id" : "13e60380-19bf-11e9-b91a-632a538f72de-27",
  "name" : "Doc 27",
  "createdDate" : 0,
  "text" : "And the other employer expected me to be white....üëÄü§∑üèæ‚Äç‚ôÄÔ∏è",
  "status" : "SUBMITTED",
  "modifiedDate" : 1547664905348
}, {
  "id" : "13e60380-19bf-11e9-b91a-632a538f72de-28",
  "name" : "Doc 28",
  "createdDate" : 0,
  "text" : "'Unless unions get the right to organise and bargain for workers in places like Uber and Amazon, too many working people will continue to be treated like disposable labour.' - V good from FrancesOGrady https://t.co/dsvQWydvQD The_TUC workersrights",
  "status" : "SUBMITTED",
  "modifiedDate" : 1547665029558
}, {
  "id" : "13e60380-19bf-11e9-b91a-632a538f72de-29",
  "name" : "Doc 29",
  "createdDate" : 0,
  "text" : "SC134C3 USPS I totally agree on how rude postal workers can be. I have two missing packages. Went to post office 3 times. 3rd employee i talked was beyond rude. üò°üò°",
  "status" : "SUBMITTED",
  "modifiedDate" : 1547665039254
}, {
  "id" : "13e60380-19bf-11e9-b91a-632a538f72de-3",
  "name" : "Doc 3",
  "createdDate" : 0,
  "text" : "A little-known protest‚Ä¶Thousands of protesters marching through Budapest for fourth day to oppose laws that Hungary promotes that will restrict workersrights and undermining democracy. https://t.co/4N5T7db4Zb",
  "status" : "SUBMITTED",
  "modifiedDate" : 1547665055704
}, {
  "id" : "13e60380-19bf-11e9-b91a-632a538f72de-30",
  "name" : "Doc 30",
  "createdDate" : 0,
  "text" : "72 hours HungerStrike at AxisBank zonal ofc from 17th December protesting unlawful labour practices. Salary less than minimum wage, unlawful termination orders by service providers of axis bank. Kolkata WorkersRights https://t.co/7BO2qB4iP5",
  "status" : "SUBMITTED",
  "modifiedDate" : 1547665071723
}, {
  "id" : "13e60380-19bf-11e9-b91a-632a538f72de-31",
  "name" : "Doc 31",
  "createdDate" : 0,
  "text" : "Almost 17k Arkansans have lost Medicaid due to work requirements.\n\nWe need Medicare for All to ensure that every single America‚Ä¶",
  "status" : "SUBMITTED",
  "modifiedDate" : 1547665082938
}, {
  "id" : "13e60380-19bf-11e9-b91a-632a538f72de-32",
  "name" : "Doc 32",
  "createdDate" : 0,
  "text" : "Jihadi Jew-hater MN Rep Ilhan Omar Protests With Islamic Amazon Employees to Impose Islamic Prayer and Sharia on the Work‚Ä¶",
  "status" : "SUBMITTED",
  "modifiedDate" : 1547665094835
}, {
  "id" : "13e60380-19bf-11e9-b91a-632a538f72de-33",
  "name" : "Doc 33",
  "createdDate" : 0,
  "text" : "Unite4Truth frogpondRN LauraLoomer if they want a more Islamic workplace then they need to go back from where they migrated from!  This is America-------adapt or leave!",
  "status" : "SUBMITTED",
  "modifiedDate" : 1547665133075
}, {
  "id" : "13e60380-19bf-11e9-b91a-632a538f72de-34",
  "name" : "Doc 34",
  "createdDate" : 0,
  "text" : "Ldn_Labour PSAC610 gmwiseone pattimdalton charmcentral JulieJuliart RT 15andfairness for all workers rally in front of the LdnOnt Chamber of Commerce in LondonOntario Today(December15th) WSIB InjuredWorkers FightFor15 WorkersRights opseu unifor workers onpoli https://t.co/Gb7A9Uj3Eq",
  "status" : "SUBMITTED",
  "modifiedDate" : 1547665147873
}, {
  "id" : "13e60380-19bf-11e9-b91a-632a538f72de-35",
  "name" : "Doc 35",
  "createdDate" : 0,
  "text" : "SB1300 makes it an unlawful practice for an employer to require an employee to release a FEHA claim in exchange for a b‚Ä¶",
  "status" : "SUBMITTED",
  "modifiedDate" : 1547665156321
}, {
  "id" : "13e60380-19bf-11e9-b91a-632a538f72de-36",
  "name" : "Doc 36",
  "createdDate" : 0,
  "text" : "bindelj And getting one of these from your employer, after a year of hard work, is a real f*k you.",
  "status" : "SUBMITTED",
  "modifiedDate" : 1547665164486
}, {
  "id" : "13e60380-19bf-11e9-b91a-632a538f72de-37",
  "name" : "Doc 37",
  "createdDate" : 0,
  "text" : "The victims taking courage to report SHW get intimidated at workplace by colleagues employer to discourage and denied basic right of justice.\nPOSH is not only need of hour but is demand of hour for womenempowerment  \nMahilaBol MinistryWCD \nMumbaiPolice CPMumbaiPolice",
  "status" : "SUBMITTED",
  "modifiedDate" : 1547665219754
}, {
  "id" : "13e60380-19bf-11e9-b91a-632a538f72de-38",
  "name" : "Doc 38",
  "createdDate" : 0,
  "text" : "(Im)migrant sex working people and massage workers are organizing against workplace and police violence right here in N‚Ä¶",
  "status" : "SUBMITTED",
  "modifiedDate" : 1547665228466
}, {
  "id" : "13e60380-19bf-11e9-b91a-632a538f72de-39",
  "name" : "Doc 39",
  "createdDate" : 0,
  "text" : "Major General Asif Ghafoor Sahib should be told why we can not take Kashmir from the drinking water of the cowboy. We are afraid that Muslims will end up till the end of our lives. My heart feels why the employer is a Muslim why why not die",
  "status" : "SUBMITTED",
  "modifiedDate" : 1547665237938
}, {
  "id" : "13e60380-19bf-11e9-b91a-632a538f72de-4",
  "name" : "Doc 4",
  "createdDate" : 0,
  "text" : "Ldn_Labour PSAC610 gmwiseone pattimdalton charmcentral JulieJuliart RT 15andfairness for all workers rally in front‚Ä¶",
  "status" : "SUBMITTED",
  "modifiedDate" : 1547665288228
}, {
  "id" : "13e60380-19bf-11e9-b91a-632a538f72de-40",
  "name" : "Doc 40",
  "createdDate" : 0,
  "text" : "Lost time equals lost business, costing employers $225 billion a year. Here's why an incident case management program matters for your employee's health and your bottom line: https://t.co/Ptk9ziJXKX AxiomMedical injury injuryprevention incidentcasemanagement losttime https://t.co/VKw0K0mWvn",
  "status" : "SUBMITTED",
  "modifiedDate" : 1547665298891
}, {
  "id" : "13e60380-19bf-11e9-b91a-632a538f72de-41",
  "name" : "Doc 41",
  "createdDate" : 0,
  "text" : "budapest_hungary budapestbynight please share this video , workers protesting in Budapest.\nworkersrights https://t.co/iGIXTXWwwf",
  "status" : "SUBMITTED",
  "modifiedDate" : 1547665320458
}, {
  "id" : "13e60380-19bf-11e9-b91a-632a538f72de-42",
  "name" : "Doc 42",
  "createdDate" : 0,
  "text" : "lasse_makitalo yeh the worker keeps paying over and over",
  "status" : "SUBMITTED",
  "modifiedDate" : 1547665391026
}, {
  "id" : "13e60380-19bf-11e9-b91a-632a538f72de-43",
  "name" : "Doc 43",
  "createdDate" : 0,
  "text" : "Two workers were injured today in Tehran, due to the lack of safety in workplace. Iran holds the dubious record for the‚Ä¶",
  "status" : "SUBMITTED",
  "modifiedDate" : 1547665400107
}, {
  "id" : "13e60380-19bf-11e9-b91a-632a538f72de-44",
  "name" : "Doc 44",
  "createdDate" : 0,
  "text" : "EpsilonTheory If the Fed has a choice b/t driving the economy into recession while keeping infl'n under control and employment \"sustainably\" maxed or letting the economy run too hot and deviating from their goals, they will pick option 1. They have to by design. Sustainable is the key word.3/3",
  "status" : "SUBMITTED",
  "modifiedDate" : 1547665522510
}, {
  "id" : "13e60380-19bf-11e9-b91a-632a538f72de-45",
  "name" : "Doc 45",
  "createdDate" : 0,
  "text" : "Minneapolis: Muslim workers at Amazon demand more time to pray during work hours: Another Muslim workplace lawsuit in ord‚Ä¶",
  "status" : "SUBMITTED",
  "modifiedDate" : 1547665531106
}, {
  "id" : "13e60380-19bf-11e9-b91a-632a538f72de-46",
  "name" : "Doc 46",
  "createdDate" : 0,
  "text" : "Are you intelligent? Are you a hard worker ? Are you honest ? Don't get a job at Insesa. Your talents are wasted. üò™",
  "status" : "SUBMITTED",
  "modifiedDate" : 1547665561900
}, {
  "id" : "13e60380-19bf-11e9-b91a-632a538f72de-47",
  "name" : "Doc 47",
  "createdDate" : 0,
  "text" : "Shedding light on a wrongdoing is a noble act. If you complain about a wrongdoing and your employer takes some adverse action against you, you may have a powerful claim against your employer. https://t.co/OZhYF4Zh89",
  "status" : "SUBMITTED",
  "modifiedDate" : 1547665574549
}, {
  "id" : "13e60380-19bf-11e9-b91a-632a538f72de-48",
  "name" : "Doc 48",
  "createdDate" : 0,
  "text" : "I probably would not recommend speaking up about labor issues this way, but kid was brave. And, those labor issues are why I haven‚Äôt willingly set foot in a Walmart in &gt;25 years workersrights organize union https://t.co/r3xlBhPSc0",
  "status" : "SUBMITTED",
  "modifiedDate" : 1547665639846
}, {
  "id" : "13e60380-19bf-11e9-b91a-632a538f72de-49",
  "name" : "Doc 49",
  "createdDate" : 0,
  "text" : "Too little too late. \"The idea that low paid, agency workers on zero hours, insecure contracts are gonna front up their boss a‚Ä¶",
  "status" : "SUBMITTED",
  "modifiedDate" : 1547665651896
}, {
  "id" : "13e60380-19bf-11e9-b91a-632a538f72de-5",
  "name" : "Doc 5",
  "createdDate" : 0,
  "text" : "Security forces have carried out raids on workers‚Äô homes and arrested protesting Ahvaz steelworkers. First there were reports of 15 being arrested, then 28.\n\nworkersrights protests Khuzestan provinces strikes https://t.co/kksKZjhfIf",
  "status" : "SUBMITTED",
  "modifiedDate" : 1547665677086
}, {
  "id" : "13e60380-19bf-11e9-b91a-632a538f72de-50",
  "name" : "Doc 50",
  "createdDate" : 0,
  "text" : "Kashan municipal workers and Pars Pamchal Chemical Company workers, have unpaid wages.\n\nWorkersRights Iran\n\nhttps://t.co/FS3yA2pHFY",
  "status" : "SUBMITTED",
  "modifiedDate" : 1547665687009
}, {
  "id" : "13e60380-19bf-11e9-b91a-632a538f72de-51",
  "name" : "Doc 51",
  "createdDate" : 0,
  "text" : "Fur protest in front of Cocoblush today.\n2 different groups of local activists put pressure on the shop with regular protests. Today during our demo we had a chat with one of the employer‚Ä¶ https://t.co/QeAqIUGPRn",
  "status" : "SUBMITTED",
  "modifiedDate" : 1547665701257
}, {
  "id" : "13e60380-19bf-11e9-b91a-632a538f72de-52",
  "name" : "Doc 52",
  "createdDate" : 0,
  "text" : "BashoreForOhio I support small business mainly because I recognize that they are mainly workers taking their future into their own hands, many times with an employee or two to help. But many people just don't want to be an owner.",
  "status" : "SUBMITTED",
  "modifiedDate" : 1547665717958
}, {
  "id" : "13e60380-19bf-11e9-b91a-632a538f72de-53",
  "name" : "Doc 53",
  "createdDate" : 0,
  "text" : "We the American people are oppressed\n\nAnd the oppressors even get Bonuses for incompetence \n\nTheEllenShow you worked‚Ä¶",
  "status" : "SUBMITTED",
  "modifiedDate" : 1547665786313
}, {
  "id" : "13e60380-19bf-11e9-b91a-632a538f72de-54",
  "name" : "Doc 54",
  "createdDate" : 0,
  "text" : "A little-known protest‚Ä¶Thousands of protesters marching through Budapest for fourth day to oppose laws that Hungary promo‚Ä¶",
  "status" : "SUBMITTED",
  "modifiedDate" : 1547665798096
}, {
  "id" : "13e60380-19bf-11e9-b91a-632a538f72de-55",
  "name" : "Doc 55",
  "createdDate" : 0,
  "text" : "What is wrong with beign black and not white woman?! Employers discriminate against coloured people and it is unfair! ",
  "status" : "SUBMITTED",
  "modifiedDate" : 1547665807647
}, {
  "id" : "13e60380-19bf-11e9-b91a-632a538f72de-56",
  "name" : "Doc 56",
  "createdDate" : 0,
  "text" : "I am jewish, which means I am Jew and I support Judaism, and not Islam or Christianity.",
  "status" : "SUBMITTED",
  "modifiedDate" : 1547665817953
}, {
  "id" : "13e60380-19bf-11e9-b91a-632a538f72de-57",
  "name" : "Doc 57",
  "createdDate" : 0,
  "text" : "He was either a christian or muslim that is why he was fired.",
  "status" : "SUBMITTED",
  "modifiedDate" : 1547665825502
}, {
  "id" : "13e60380-19bf-11e9-b91a-632a538f72de-58",
  "name" : "Doc 58",
  "createdDate" : 0,
  "text" : "One should not discriminate between races, colour, or religion. It is not right.",
  "status" : "SUBMITTED",
  "modifiedDate" : 1547665854347
}, {
  "id" : "13e60380-19bf-11e9-b91a-632a538f72de-59",
  "name" : "Doc 59",
  "createdDate" : 0,
  "text" : "I was not paid salary or wage for many months, that is why I decided to quit my workplace.",
  "status" : "SUBMITTED",
  "modifiedDate" : 1547665879311
}, {
  "id" : "13e60380-19bf-11e9-b91a-632a538f72de-6",
  "name" : "Doc 6",
  "createdDate" : 0,
  "text" : "Iranian Regime Orders Crackdown on Lawyers\n\nhttps://t.co/vw1RLAP6eE\n\nIran Iranian Arab Law Court Lawyer Art NYC Work‚Ä¶",
  "status" : "SUBMITTED",
  "modifiedDate" : 1547665918477
}, {
  "id" : "13e60380-19bf-11e9-b91a-632a538f72de-60",
  "name" : "Doc 60",
  "createdDate" : 0,
  "text" : "At my new workplace I am getting paid well. There is no discrimination against black or coloured or color. Employees do not strike and protest. It is peaceful.",
  "status" : "SUBMITTED",
  "modifiedDate" : 1547665908145
}, {
  "id" : "13e60380-19bf-11e9-b91a-632a538f72de-7",
  "name" : "Doc 7",
  "createdDate" : 0,
  "text" : "ATFulemin \"other people did worse things!\" as if the question was ever about the Triangle factory being uniquely terrible as a workplace, and not the horrifying, public deaths of 146 people, it's just so unfair to the owners that it was *their* death trap that happened to catch on fire",
  "status" : "SUBMITTED",
  "modifiedDate" : 1547665899996
}, {
  "id" : "13e60380-19bf-11e9-b91a-632a538f72de-8",
  "name" : "Doc 8",
  "createdDate" : 0,
  "text" : "Doug Ford's latest anti-worker actions forced me to cancel a meeting with PSACNCR about fighting the privatization of‚Ä¶",
  "status" : "SUBMITTED",
  "modifiedDate" : 1547665838407
}, {
  "id" : "13e60380-19bf-11e9-b91a-632a538f72de-9",
  "name" : "Doc 9",
  "createdDate" : 0,
  "text" : "Let's support SenSanders' Stop Walmart Act to put workers over shareholders : https://t.co/YnzsKYDqqd via CREDOMobile WorkersRights Labour SayNoToCorporateGreed",
  "status" : "SUBMITTED",
  "modifiedDate" : 1547665868656
}, {
  "id" : "3b6f72e0-19b7-11e9-b91a-632a538f72de-1",
  "name" : "Doc 1",
  "createdDate" : 0,
  "text" : "Ya think ‚Å¶CBS‚Å© is fear-mongering much?  What does Obamacare have to do with Medicare, Medicaid OR Employee-sponsored healthc‚Ä¶",
  "status" : "SUBMITTED",
  "modifiedDate" : 1547661138942
}, {
  "id" : "3b6f72e0-19b7-11e9-b91a-632a538f72de-10",
  "name" : "Doc 10",
  "createdDate" : 0,
  "text" : "Kashan municipal workers and Pars Pamchal Chemical Company workers, have unpaid wages.\n\nWorkersRights Iran\n\nhttps://t.‚Ä¶",
  "status" : "SUBMITTED",
  "modifiedDate" : 1547661150754
}, {
  "id" : "3b6f72e0-19b7-11e9-b91a-632a538f72de-11",
  "name" : "Doc 11",
  "createdDate" : 0,
  "text" : "Under the Workers‚Äô Compensation Act, employers have a number of responsibilities when a work-related injury/illness occurs. These responsibilities include recording and reporting any worker entitlement and/or return-to-work issues. yeg yyc WCBAlberta AB",
  "status" : "SUBMITTED",
  "modifiedDate" : 1547661163765
}, {
  "id" : "3b6f72e0-19b7-11e9-b91a-632a538f72de-12",
  "name" : "Doc 12",
  "createdDate" : 0,
  "text" : "Days of protests in Budapest joined by workers around the country. FreeCourts RuleofLaw LabourRights WorkersRights MediaFreedom  Hungary https://t.co/j4xBIyYqf6",
  "status" : "SUBMITTED",
  "modifiedDate" : 1547661174945
}, {
  "id" : "3b6f72e0-19b7-11e9-b91a-632a538f72de-13",
  "name" : "Doc 13",
  "createdDate" : 0,
  "text" : "Two workers were injured today in Tehran, due to the lack of safety in workplace. Iran holds the dubious record for the high number of deaths and injuries in the workplace.\n\nIran workersrights HumanRights \nhttps://t.co/cM7D247dY9",
  "status" : "SUBMITTED",
  "modifiedDate" : 1547661196453
}, {
  "id" : "3b6f72e0-19b7-11e9-b91a-632a538f72de-14",
  "name" : "Doc 14",
  "createdDate" : 0,
  "text" : "Way to be a completely heartless employer, WeAreSinclair. https://t.co/WA1xCIPYo4",
  "status" : "SUBMITTED",
  "modifiedDate" : 1547661205132
}, {
  "id" : "3b6f72e0-19b7-11e9-b91a-632a538f72de-15",
  "name" : "Doc 15",
  "createdDate" : 0,
  "text" : "'Unless unions get the right to organise and bargain for workers in places like Uber and Amazon, too many working peop‚Ä¶",
  "status" : "SUBMITTED",
  "modifiedDate" : 1547661218059
}, {
  "id" : "3b6f72e0-19b7-11e9-b91a-632a538f72de-16",
  "name" : "Doc 16",
  "createdDate" : 0,
  "text" : "Worker is brown man or black man. His employee was discriminating against race and colour and ethnicity.",
  "status" : "SUBMITTED",
  "modifiedDate" : 1547661240386
}, {
  "id" : "3b6f72e0-19b7-11e9-b91a-632a538f72de-17",
  "name" : "Doc 17",
  "createdDate" : 0,
  "text" : "For all those who criticise Trade Unions ‚ÄòPut up or shut Up‚Äô TradeUnions WorkersRights https://t.co/z7ZMsd5oHQ",
  "status" : "SUBMITTED",
  "modifiedDate" : 1547661249945
}, {
  "id" : "3b6f72e0-19b7-11e9-b91a-632a538f72de-18",
  "name" : "Doc 18",
  "createdDate" : 0,
  "text" : "Right to request guaranteed working hours is no right at all. When the employer says no, that‚Äôs the end of the conversat‚Ä¶",
  "status" : "SUBMITTED",
  "modifiedDate" : 1547661258903
}, {
  "id" : "3b6f72e0-19b7-11e9-b91a-632a538f72de-19",
  "name" : "Doc 19",
  "createdDate" : 0,
  "text" : "Iranian Steel Group workers chanting:\n\nOur country is full of thieves, setting an example for the world\n\nIran US USA‚Ä¶",
  "status" : "SUBMITTED",
  "modifiedDate" : 1547661278049
}, {
  "id" : "3b6f72e0-19b7-11e9-b91a-632a538f72de-2",
  "name" : "Doc 2",
  "createdDate" : 0,
  "text" : "MichaelEHayden Investigate your new employer and the ADL, they both seem pretty dodgy.",
  "status" : "SUBMITTED",
  "modifiedDate" : 1547661288655
}, {
  "id" : "3b6f72e0-19b7-11e9-b91a-632a538f72de-20",
  "name" : "Doc 20",
  "createdDate" : 0,
  "text" : "WHY do you need a union .Can't you talk to your \nsupervisor on your own without a union .Here in Texas there are very‚Ä¶",
  "status" : "SUBMITTED",
  "modifiedDate" : 1547661297347
}, {
  "id" : "3b6f72e0-19b7-11e9-b91a-632a538f72de-21",
  "name" : "Doc 21",
  "createdDate" : 0,
  "text" : "laplanck Oh, and it wrongfully minimizes the fact that unions were also pushing for worker safety and better hours and instead makes it sound like they were only interested in more money for workers.",
  "status" : "SUBMITTED",
  "modifiedDate" : 1547661327960
}, {
  "id" : "3b6f72e0-19b7-11e9-b91a-632a538f72de-22",
  "name" : "Doc 22",
  "createdDate" : 0,
  "text" : "15 petrochemical workers in Iran have been issued prison and flogging sentences. Their crimes? Peacefully protesting unpaid wages‚Ä¶",
  "status" : "SUBMITTED",
  "modifiedDate" : 1547661344686
}, {
  "id" : "3b6f72e0-19b7-11e9-b91a-632a538f72de-23",
  "name" : "Doc 23",
  "createdDate" : 0,
  "text" : "Is blaming the opposition for Zimbabwe‚Äôs crisis not like blaming an a person who unsuccessfully applied for a job for t‚Ä¶",
  "status" : "SUBMITTED",
  "modifiedDate" : 1547661356148
}, {
  "id" : "3b6f72e0-19b7-11e9-b91a-632a538f72de-24",
  "name" : "Doc 24",
  "createdDate" : 0,
  "text" : "Ilhan Omar Protests With Muslim Amazon Employees To Demand A More Islamic Workplace\n\nVia: LauraLoomer \nhttps://t.co/dLCmW‚Ä¶",
  "status" : "SUBMITTED",
  "modifiedDate" : 1547661365256
}, {
  "id" : "3b6f72e0-19b7-11e9-b91a-632a538f72de-25",
  "name" : "Doc 25",
  "createdDate" : 0,
  "text" : "And the other employer expected me to be white....üëÄü§∑üèæ‚Äç‚ôÄÔ∏è",
  "status" : "SUBMITTED",
  "modifiedDate" : 1547661375587
}, {
  "id" : "3b6f72e0-19b7-11e9-b91a-632a538f72de-26",
  "name" : "Doc 26",
  "createdDate" : 0,
  "text" : "'Unless unions get the right to organise and bargain for workers in places like Uber and Amazon, too many working people will continue to be treated like disposable labour.' - V good from FrancesOGrady https://t.co/dsvQWydvQD The_TUC workersrights",
  "status" : "SUBMITTED",
  "modifiedDate" : 1547661387426
}, {
  "id" : "3b6f72e0-19b7-11e9-b91a-632a538f72de-27",
  "name" : "Doc 27",
  "createdDate" : 0,
  "text" : "SC134C3 USPS I totally agree on how rude postal workers can be. I have two missing packages. Went to post office 3 times. 3rd employee i talked was beyond rude. üò°üò°",
  "status" : "SUBMITTED",
  "modifiedDate" : 1547661395533
}, {
  "id" : "3b6f72e0-19b7-11e9-b91a-632a538f72de-28",
  "name" : "Doc 28",
  "createdDate" : 0,
  "text" : "72 hours HungerStrike at AxisBank zonal ofc from 17th December protesting unlawful labour practices. Salary less than minimum wage, unlawful termination orders by service providers of axis bank. Kolkata WorkersRights https://t.co/7BO2qB4iP5",
  "status" : "SUBMITTED",
  "modifiedDate" : 1547661407980
}, {
  "id" : "3b6f72e0-19b7-11e9-b91a-632a538f72de-29",
  "name" : "Doc 29",
  "createdDate" : 0,
  "text" : "Almost 17k Arkansans have lost Medicaid due to work requirements.\n\nWe need Medicare for All to ensure that every single America‚Ä¶",
  "status" : "SUBMITTED",
  "modifiedDate" : 1547661418422
}, {
  "id" : "3b6f72e0-19b7-11e9-b91a-632a538f72de-3",
  "name" : "Doc 3",
  "createdDate" : 0,
  "text" : "A little-known protest‚Ä¶Thousands of protesters marching through Budapest for fourth day to oppose laws that Hungary promotes that will restrict workersrights and undermining democracy. https://t.co/4N5T7db4Zb",
  "status" : "SUBMITTED",
  "modifiedDate" : 1547661436326
}, {
  "id" : "3b6f72e0-19b7-11e9-b91a-632a538f72de-30",
  "name" : "Doc 30",
  "createdDate" : 0,
  "text" : "Jihadi Jew-hater MN Rep Ilhan Omar Protests With Islamic Amazon Employees to Impose Islamic Prayer and Sharia on the Work‚Ä¶",
  "status" : "SUBMITTED",
  "modifiedDate" : 1547661447692
}, {
  "id" : "3b6f72e0-19b7-11e9-b91a-632a538f72de-31",
  "name" : "Doc 31",
  "createdDate" : 0,
  "text" : "Unite4Truth frogpondRN LauraLoomer if they want a more Islamic workplace then they need to go back from where they migrated from!  This is America-------adapt or leave!",
  "status" : "SUBMITTED",
  "modifiedDate" : 1547661458239
}, {
  "id" : "3b6f72e0-19b7-11e9-b91a-632a538f72de-32",
  "name" : "Doc 32",
  "createdDate" : 0,
  "text" : "Ldn_Labour PSAC610 gmwiseone pattimdalton charmcentral JulieJuliart RT 15andfairness for all workers rally in front of the LdnOnt Chamber of Commerce in LondonOntario Today(December15th) WSIB InjuredWorkers FightFor15 WorkersRights opseu unifor workers onpoli https://t.co/Gb7A9Uj3Eq",
  "status" : "SUBMITTED",
  "modifiedDate" : 1547661484772
}, {
  "id" : "3b6f72e0-19b7-11e9-b91a-632a538f72de-33",
  "name" : "Doc 33",
  "createdDate" : 0,
  "text" : "SB1300 makes it an unlawful practice for an employer to require an employee to release a FEHA claim in exchange for a b‚Ä¶",
  "status" : "SUBMITTED",
  "modifiedDate" : 1547661493871
}, {
  "id" : "3b6f72e0-19b7-11e9-b91a-632a538f72de-34",
  "name" : "Doc 34",
  "createdDate" : 0,
  "text" : "bindelj And getting one of these from your employer, after a year of hard work, is a real f*k you.",
  "status" : "SUBMITTED",
  "modifiedDate" : 1547661510140
}, {
  "id" : "3b6f72e0-19b7-11e9-b91a-632a538f72de-35",
  "name" : "Doc 35",
  "createdDate" : 0,
  "text" : "The victims taking courage to report SHW get intimidated at workplace by colleagues employer to discourage and denied basic right of justice.\nPOSH is not only need of hour but is demand of hour for womenempowerment  \nMahilaBol MinistryWCD \nMumbaiPolice CPMumbaiPolice",
  "status" : "SUBMITTED",
  "modifiedDate" : 1547661532690
}, {
  "id" : "3b6f72e0-19b7-11e9-b91a-632a538f72de-36",
  "name" : "Doc 36",
  "createdDate" : 0,
  "text" : "(Im)migrant sex working people and massage workers are organizing against workplace and police violence right here in N‚Ä¶",
  "status" : "SUBMITTED",
  "modifiedDate" : 1547661546647
}, {
  "id" : "3b6f72e0-19b7-11e9-b91a-632a538f72de-37",
  "name" : "Doc 37",
  "createdDate" : 0,
  "text" : "Major General Asif Ghafoor Sahib should be told why we can not take Kashmir from the drinking water of the cowboy. We are afraid that Muslims will end up till the end of our lives. My heart feels why the employer is a Muslim why why not die",
  "status" : "SUBMITTED",
  "modifiedDate" : 1547661556708
}, {
  "id" : "3b6f72e0-19b7-11e9-b91a-632a538f72de-38",
  "name" : "Doc 38",
  "createdDate" : 0,
  "text" : "Lost time equals lost business, costing employers $225 billion a year. Here's why an incident case management program matters for your employee's health and your bottom line: https://t.co/Ptk9ziJXKX AxiomMedical injury injuryprevention incidentcasemanagement losttime https://t.co/VKw0K0mWvn",
  "status" : "SUBMITTED",
  "modifiedDate" : 1547661569539
}, {
  "id" : "3b6f72e0-19b7-11e9-b91a-632a538f72de-39",
  "name" : "Doc 39",
  "createdDate" : 0,
  "text" : "budapest_hungary budapestbynight please share this video , workers protesting in Budapest.\nworkersrights https://t.co/iGIXTXWwwf",
  "status" : "SUBMITTED",
  "modifiedDate" : 1547661620231
}, {
  "id" : "3b6f72e0-19b7-11e9-b91a-632a538f72de-4",
  "name" : "Doc 4",
  "createdDate" : 0,
  "text" : "Ldn_Labour PSAC610 gmwiseone pattimdalton charmcentral JulieJuliart RT 15andfairness for all workers rally in front‚Ä¶",
  "status" : "SUBMITTED",
  "modifiedDate" : 1547661632160
}, {
  "id" : "3b6f72e0-19b7-11e9-b91a-632a538f72de-40",
  "name" : "Doc 40",
  "createdDate" : 0,
  "text" : "lasse_makitalo yeh the worker keeps paying over and over",
  "status" : "SUBMITTED",
  "modifiedDate" : 1547661650871
}, {
  "id" : "3b6f72e0-19b7-11e9-b91a-632a538f72de-41",
  "name" : "Doc 41",
  "createdDate" : 0,
  "text" : "Two workers were injured today in Tehran, due to the lack of safety in workplace. Iran holds the dubious record for the‚Ä¶",
  "status" : "SUBMITTED",
  "modifiedDate" : 1547661660483
}, {
  "id" : "3b6f72e0-19b7-11e9-b91a-632a538f72de-42",
  "name" : "Doc 42",
  "createdDate" : 0,
  "text" : "EpsilonTheory If the Fed has a choice b/t driving the economy into recession while keeping infl'n under control and employment \"sustainably\" maxed or letting the economy run too hot and deviating from their goals, they will pick option 1. They have to by design. Sustainable is the key word.3/3",
  "status" : "SUBMITTED",
  "modifiedDate" : 1547661672252
}, {
  "id" : "3b6f72e0-19b7-11e9-b91a-632a538f72de-43",
  "name" : "Doc 43",
  "createdDate" : 0,
  "text" : "Minneapolis: Muslim workers at Amazon demand more time to pray during work hours: Another Muslim workplace lawsuit in ord‚Ä¶",
  "status" : "SUBMITTED",
  "modifiedDate" : 1547661688881
}, {
  "id" : "3b6f72e0-19b7-11e9-b91a-632a538f72de-44",
  "name" : "Doc 44",
  "createdDate" : 0,
  "text" : "Are you intelligent? Are you a hard worker ? Are you honest ? Don't get a job at Insesa. Your talents are wasted. üò™",
  "status" : "SUBMITTED",
  "modifiedDate" : 1547661699277
}, {
  "id" : "3b6f72e0-19b7-11e9-b91a-632a538f72de-45",
  "name" : "Doc 45",
  "createdDate" : 0,
  "text" : "Shedding light on a wrongdoing is a noble act. If you complain about a wrongdoing and your employer takes some adverse action against you, you may have a powerful claim against your employer. https://t.co/OZhYF4Zh89",
  "status" : "SUBMITTED",
  "modifiedDate" : 1547661710038
}, {
  "id" : "3b6f72e0-19b7-11e9-b91a-632a538f72de-46",
  "name" : "Doc 46",
  "createdDate" : 0,
  "text" : "I probably would not recommend speaking up about labor issues this way, but kid was brave. And, those labor issues are why I haven‚Äôt willingly set foot in a Walmart in &gt;25 years workersrights organize union https://t.co/r3xlBhPSc0",
  "status" : "SUBMITTED",
  "modifiedDate" : 1547661723046
}, {
  "id" : "3b6f72e0-19b7-11e9-b91a-632a538f72de-47",
  "name" : "Doc 47",
  "createdDate" : 0,
  "text" : "Too little too late. \"The idea that low paid, agency workers on zero hours, insecure contracts are gonna front up their boss a‚Ä¶",
  "status" : "SUBMITTED",
  "modifiedDate" : 1547661733338
}, {
  "id" : "3b6f72e0-19b7-11e9-b91a-632a538f72de-48",
  "name" : "Doc 48",
  "createdDate" : 0,
  "text" : "Kashan municipal workers and Pars Pamchal Chemical Company workers, have unpaid wages.\n\nWorkersRights Iran\n\nhttps://t.co/FS3yA2pHFY",
  "status" : "SUBMITTED",
  "modifiedDate" : 1547661742915
}, {
  "id" : "3b6f72e0-19b7-11e9-b91a-632a538f72de-49",
  "name" : "Doc 49",
  "createdDate" : 0,
  "text" : "Fur protest in front of Cocoblush today.\n2 different groups of local activists put pressure on the shop with regular protests. Today during our demo we had a chat with one of the employer‚Ä¶ https://t.co/QeAqIUGPRn",
  "status" : "SUBMITTED",
  "modifiedDate" : 1547661754889
}, {
  "id" : "3b6f72e0-19b7-11e9-b91a-632a538f72de-5",
  "name" : "Doc 5",
  "createdDate" : 0,
  "text" : "Security forces have carried out raids on workers‚Äô homes and arrested protesting Ahvaz steelworkers. First there were reports of 15 being arrested, then 28.\n\nworkersrights protests Khuzestan provinces strikes https://t.co/kksKZjhfIf",
  "status" : "SUBMITTED",
  "modifiedDate" : 1547661771171
}, {
  "id" : "3b6f72e0-19b7-11e9-b91a-632a538f72de-50",
  "name" : "Doc 50",
  "createdDate" : 0,
  "text" : "BashoreForOhio I support small business mainly because I recognize that they are mainly workers taking their future into their own hands, many times with an employee or two to help. But many people just don't want to be an owner.",
  "status" : "SUBMITTED",
  "modifiedDate" : 1547661784467
}, {
  "id" : "3b6f72e0-19b7-11e9-b91a-632a538f72de-51",
  "name" : "Doc 51",
  "createdDate" : 0,
  "text" : "We the American people are oppressed\n\nAnd the oppressors even get Bonuses for incompetence \n\nTheEllenShow you worked‚Ä¶",
  "status" : "SUBMITTED",
  "modifiedDate" : 1547661794145
}, {
  "id" : "3b6f72e0-19b7-11e9-b91a-632a538f72de-52",
  "name" : "Doc 52",
  "createdDate" : 0,
  "text" : "A little-known protest‚Ä¶Thousands of protesters marching through Budapest for fourth day to oppose laws that Hungary promo‚Ä¶",
  "status" : "SUBMITTED",
  "modifiedDate" : 1547661805013
}, {
  "id" : "3b6f72e0-19b7-11e9-b91a-632a538f72de-53",
  "name" : "Doc 53",
  "createdDate" : 0,
  "text" : "What is wrong with beign black and not white woman?! Employers discriminate against coloured people and it is unfair! ",
  "status" : "SUBMITTED",
  "modifiedDate" : 1547661817696
}, {
  "id" : "3b6f72e0-19b7-11e9-b91a-632a538f72de-54",
  "name" : "Doc 54",
  "createdDate" : 0,
  "text" : "I am jewish, which means I am Jew and I support Judaism, and not Islam or Christianity.",
  "status" : "SUBMITTED",
  "modifiedDate" : 1547661827182
}, {
  "id" : "3b6f72e0-19b7-11e9-b91a-632a538f72de-55",
  "name" : "Doc 55",
  "createdDate" : 0,
  "text" : "He was either a christian or muslim that is why he was fired.",
  "status" : "SUBMITTED",
  "modifiedDate" : 1547661835724
}, {
  "id" : "3b6f72e0-19b7-11e9-b91a-632a538f72de-56",
  "name" : "Doc 56",
  "createdDate" : 0,
  "text" : "One should not discriminate between races, colour, or religion. It is not right.",
  "status" : "SUBMITTED",
  "modifiedDate" : 1547661847906
}, {
  "id" : "3b6f72e0-19b7-11e9-b91a-632a538f72de-57",
  "name" : "Doc 57",
  "createdDate" : 0,
  "text" : "I was not paid salary or wage for many months, that is why I decided to quit my workplace.",
  "status" : "SUBMITTED",
  "modifiedDate" : 1547661857740
}, {
  "id" : "3b6f72e0-19b7-11e9-b91a-632a538f72de-58",
  "name" : "Doc 58",
  "createdDate" : 0,
  "text" : "At my new workplace I am getting paid well. There is no discrimination against black or coloured or color. Employees do not strike and protest. It is peaceful.",
  "status" : "SUBMITTED",
  "modifiedDate" : 1547661867737
}, {
  "id" : "3b6f72e0-19b7-11e9-b91a-632a538f72de-6",
  "name" : "Doc 6",
  "createdDate" : 0,
  "text" : "Iranian Regime Orders Crackdown on Lawyers\n\nhttps://t.co/vw1RLAP6eE\n\nIran Iranian Arab Law Court Lawyer Art NYC Work‚Ä¶",
  "status" : "SUBMITTED",
  "modifiedDate" : 1547661875723
}, {
  "id" : "3b6f72e0-19b7-11e9-b91a-632a538f72de-7",
  "name" : "Doc 7",
  "createdDate" : 0,
  "text" : "ATFulemin \"other people did worse things!\" as if the question was ever about the Triangle factory being uniquely terrible as a workplace, and not the horrifying, public deaths of 146 people, it's just so unfair to the owners that it was *their* death trap that happened to catch on fire",
  "status" : "SUBMITTED",
  "modifiedDate" : 1547661891771
}, {
  "id" : "3b6f72e0-19b7-11e9-b91a-632a538f72de-8",
  "name" : "Doc 8",
  "createdDate" : 0,
  "text" : "Doug Ford's latest anti-worker actions forced me to cancel a meeting with PSACNCR about fighting the privatization of‚Ä¶",
  "status" : "SUBMITTED",
  "modifiedDate" : 1547661901255
}, {
  "id" : "3b6f72e0-19b7-11e9-b91a-632a538f72de-9",
  "name" : "Doc 9",
  "createdDate" : 0,
  "text" : "Let's support SenSanders' Stop Walmart Act to put workers over shareholders : https://t.co/YnzsKYDqqd via CREDOMobile WorkersRights Labour SayNoToCorporateGreed",
  "status" : "SUBMITTED",
  "modifiedDate" : 1547661911576
} ]