{
  "id" : "13e60380-19bf-11e9-b91a-632a538f72de-47",
  "name" : "Doc 47",
  "createdDate" : 0,
  "version" : 3,
  "text" : "Shedding light on a wrongdoing is a noble act. If you complain about a wrongdoing and your employer takes some adverse action against you, you may have a powerful claim against your employer. https://t.co/OZhYF4Zh89",
  "docLength" : 0,
  "language" : "EN",
  "status" : "SUBMITTED",
  "modifiedDate" : 1547665574549,
  "documentSet" : [ ],
  "preannotation" : [ "PRE_LW" ],
  "sentences" : [ {
    "id" : "s0",
    "begin" : 0,
    "end" : 46,
    "text" : "Shedding light on a wrongdoing is a noble act.",
    "tokens" : [ {
      "id" : "s0-t0",
      "begin" : 0,
      "end" : 8,
      "text" : "Shedding",
      "whiteSpace" : false
    }, {
      "id" : "s0-t1",
      "begin" : 9,
      "end" : 14,
      "text" : "light",
      "whiteSpace" : false
    }, {
      "id" : "s0-t2",
      "begin" : 15,
      "end" : 17,
      "text" : "on",
      "whiteSpace" : false
    }, {
      "id" : "s0-t3",
      "begin" : 18,
      "end" : 19,
      "text" : "a",
      "whiteSpace" : false
    }, {
      "id" : "s0-t4",
      "begin" : 20,
      "end" : 30,
      "text" : "wrongdoing",
      "whiteSpace" : false
    }, {
      "id" : "s0-t5",
      "begin" : 31,
      "end" : 33,
      "text" : "is",
      "whiteSpace" : false
    }, {
      "id" : "s0-t6",
      "begin" : 34,
      "end" : 35,
      "text" : "a",
      "whiteSpace" : false
    }, {
      "id" : "s0-t7",
      "begin" : 36,
      "end" : 41,
      "text" : "noble",
      "whiteSpace" : false
    }, {
      "id" : "s0-t8",
      "begin" : 42,
      "end" : 45,
      "text" : "act",
      "whiteSpace" : false
    }, {
      "id" : "s0-t9",
      "begin" : 45,
      "end" : 46,
      "text" : ".",
      "whiteSpace" : false
    } ]
  }, {
    "id" : "s1",
    "begin" : 47,
    "end" : 191,
    "text" : "If you complain about a wrongdoing and your employer takes some adverse action against you, you may have a powerful claim against your employer.",
    "tokens" : [ {
      "id" : "s1-t0",
      "begin" : 47,
      "end" : 49,
      "text" : "If",
      "whiteSpace" : false
    }, {
      "id" : "s1-t1",
      "begin" : 50,
      "end" : 53,
      "text" : "you",
      "whiteSpace" : false
    }, {
      "id" : "s1-t2",
      "begin" : 54,
      "end" : 62,
      "text" : "complain",
      "whiteSpace" : false
    }, {
      "id" : "s1-t3",
      "begin" : 63,
      "end" : 68,
      "text" : "about",
      "whiteSpace" : false
    }, {
      "id" : "s1-t4",
      "begin" : 69,
      "end" : 70,
      "text" : "a",
      "whiteSpace" : false
    }, {
      "id" : "s1-t5",
      "begin" : 71,
      "end" : 81,
      "text" : "wrongdoing",
      "whiteSpace" : false
    }, {
      "id" : "s1-t6",
      "begin" : 82,
      "end" : 85,
      "text" : "and",
      "whiteSpace" : false
    }, {
      "id" : "s1-t7",
      "begin" : 86,
      "end" : 90,
      "text" : "your",
      "whiteSpace" : false
    }, {
      "id" : "s1-t8",
      "begin" : 91,
      "end" : 99,
      "text" : "employer",
      "whiteSpace" : false
    }, {
      "id" : "s1-t9",
      "begin" : 100,
      "end" : 105,
      "text" : "takes",
      "whiteSpace" : false
    }, {
      "id" : "s1-t10",
      "begin" : 106,
      "end" : 110,
      "text" : "some",
      "whiteSpace" : false
    }, {
      "id" : "s1-t11",
      "begin" : 111,
      "end" : 118,
      "text" : "adverse",
      "whiteSpace" : false
    }, {
      "id" : "s1-t12",
      "begin" : 119,
      "end" : 125,
      "text" : "action",
      "whiteSpace" : false
    }, {
      "id" : "s1-t13",
      "begin" : 126,
      "end" : 133,
      "text" : "against",
      "whiteSpace" : false
    }, {
      "id" : "s1-t14",
      "begin" : 134,
      "end" : 137,
      "text" : "you",
      "whiteSpace" : false
    }, {
      "id" : "s1-t15",
      "begin" : 137,
      "end" : 138,
      "text" : ",",
      "whiteSpace" : false
    }, {
      "id" : "s1-t16",
      "begin" : 139,
      "end" : 142,
      "text" : "you",
      "whiteSpace" : false
    }, {
      "id" : "s1-t17",
      "begin" : 143,
      "end" : 146,
      "text" : "may",
      "whiteSpace" : false
    }, {
      "id" : "s1-t18",
      "begin" : 147,
      "end" : 151,
      "text" : "have",
      "whiteSpace" : false
    }, {
      "id" : "s1-t19",
      "begin" : 152,
      "end" : 153,
      "text" : "a",
      "whiteSpace" : false
    }, {
      "id" : "s1-t20",
      "begin" : 154,
      "end" : 162,
      "text" : "powerful",
      "whiteSpace" : false
    }, {
      "id" : "s1-t21",
      "begin" : 163,
      "end" : 168,
      "text" : "claim",
      "whiteSpace" : false
    }, {
      "id" : "s1-t22",
      "begin" : 169,
      "end" : 176,
      "text" : "against",
      "whiteSpace" : false
    }, {
      "id" : "s1-t23",
      "begin" : 177,
      "end" : 181,
      "text" : "your",
      "whiteSpace" : false
    }, {
      "id" : "s1-t24",
      "begin" : 182,
      "end" : 190,
      "text" : "employer",
      "whiteSpace" : false
    }, {
      "id" : "s1-t25",
      "begin" : 190,
      "end" : 191,
      "text" : ".",
      "whiteSpace" : false
    } ]
  }, {
    "id" : "s2",
    "begin" : 192,
    "end" : 215,
    "text" : "https://t.co/OZhYF4Zh89",
    "tokens" : [ {
      "id" : "s2-t0",
      "begin" : 192,
      "end" : 215,
      "text" : "https://t.co/OZhYF4Zh89",
      "whiteSpace" : false
    } ]
  } ],
  "mentions" : [ ],
  "relations" : [ ],
  "corefs" : [ ],
  "typeResolved" : true,
  "userResolved" : false
}