{
  "id" : "13e60380-19bf-11e9-b91a-632a538f72de-14",
  "name" : "Doc 14",
  "createdDate" : 0,
  "version" : 3,
  "text" : "Two workers were injured today in Tehran, due to the lack of safety in workplace. Iran holds the dubious record for the high number of deaths and injuries in the workplace.\n\nIran workersrights HumanRights \nhttps://t.co/cM7D247dY9",
  "docLength" : 0,
  "language" : "EN",
  "status" : "SUBMITTED",
  "modifiedDate" : 1547664558634,
  "documentSet" : [ ],
  "preannotation" : [ "PRE_LW" ],
  "sentences" : [ {
    "id" : "s0",
    "begin" : 0,
    "end" : 81,
    "text" : "Two workers were injured today in Tehran, due to the lack of safety in workplace.",
    "tokens" : [ {
      "id" : "s0-t0",
      "begin" : 0,
      "end" : 3,
      "text" : "Two",
      "whiteSpace" : false
    }, {
      "id" : "s0-t1",
      "begin" : 4,
      "end" : 11,
      "text" : "workers",
      "whiteSpace" : false
    }, {
      "id" : "s0-t2",
      "begin" : 12,
      "end" : 16,
      "text" : "were",
      "whiteSpace" : false
    }, {
      "id" : "s0-t3",
      "begin" : 17,
      "end" : 24,
      "text" : "injured",
      "whiteSpace" : false
    }, {
      "id" : "s0-t4",
      "begin" : 25,
      "end" : 30,
      "text" : "today",
      "whiteSpace" : false
    }, {
      "id" : "s0-t5",
      "begin" : 31,
      "end" : 33,
      "text" : "in",
      "whiteSpace" : false
    }, {
      "id" : "s0-t6",
      "begin" : 34,
      "end" : 40,
      "text" : "Tehran",
      "whiteSpace" : false
    }, {
      "id" : "s0-t7",
      "begin" : 40,
      "end" : 41,
      "text" : ",",
      "whiteSpace" : false
    }, {
      "id" : "s0-t8",
      "begin" : 42,
      "end" : 45,
      "text" : "due",
      "whiteSpace" : false
    }, {
      "id" : "s0-t9",
      "begin" : 46,
      "end" : 48,
      "text" : "to",
      "whiteSpace" : false
    }, {
      "id" : "s0-t10",
      "begin" : 49,
      "end" : 52,
      "text" : "the",
      "whiteSpace" : false
    }, {
      "id" : "s0-t11",
      "begin" : 53,
      "end" : 57,
      "text" : "lack",
      "whiteSpace" : false
    }, {
      "id" : "s0-t12",
      "begin" : 58,
      "end" : 60,
      "text" : "of",
      "whiteSpace" : false
    }, {
      "id" : "s0-t13",
      "begin" : 61,
      "end" : 67,
      "text" : "safety",
      "whiteSpace" : false
    }, {
      "id" : "s0-t14",
      "begin" : 68,
      "end" : 70,
      "text" : "in",
      "whiteSpace" : false
    }, {
      "id" : "s0-t15",
      "begin" : 71,
      "end" : 80,
      "text" : "workplace",
      "whiteSpace" : false
    }, {
      "id" : "s0-t16",
      "begin" : 80,
      "end" : 81,
      "text" : ".",
      "whiteSpace" : false
    } ]
  }, {
    "id" : "s1",
    "begin" : 82,
    "end" : 172,
    "text" : "Iran holds the dubious record for the high number of deaths and injuries in the workplace.",
    "tokens" : [ {
      "id" : "s1-t0",
      "begin" : 82,
      "end" : 86,
      "text" : "Iran",
      "whiteSpace" : false
    }, {
      "id" : "s1-t1",
      "begin" : 87,
      "end" : 92,
      "text" : "holds",
      "whiteSpace" : false
    }, {
      "id" : "s1-t2",
      "begin" : 93,
      "end" : 96,
      "text" : "the",
      "whiteSpace" : false
    }, {
      "id" : "s1-t3",
      "begin" : 97,
      "end" : 104,
      "text" : "dubious",
      "whiteSpace" : false
    }, {
      "id" : "s1-t4",
      "begin" : 105,
      "end" : 111,
      "text" : "record",
      "whiteSpace" : false
    }, {
      "id" : "s1-t5",
      "begin" : 112,
      "end" : 115,
      "text" : "for",
      "whiteSpace" : false
    }, {
      "id" : "s1-t6",
      "begin" : 116,
      "end" : 119,
      "text" : "the",
      "whiteSpace" : false
    }, {
      "id" : "s1-t7",
      "begin" : 120,
      "end" : 124,
      "text" : "high",
      "whiteSpace" : false
    }, {
      "id" : "s1-t8",
      "begin" : 125,
      "end" : 131,
      "text" : "number",
      "whiteSpace" : false
    }, {
      "id" : "s1-t9",
      "begin" : 132,
      "end" : 134,
      "text" : "of",
      "whiteSpace" : false
    }, {
      "id" : "s1-t10",
      "begin" : 135,
      "end" : 141,
      "text" : "deaths",
      "whiteSpace" : false
    }, {
      "id" : "s1-t11",
      "begin" : 142,
      "end" : 145,
      "text" : "and",
      "whiteSpace" : false
    }, {
      "id" : "s1-t12",
      "begin" : 146,
      "end" : 154,
      "text" : "injuries",
      "whiteSpace" : false
    }, {
      "id" : "s1-t13",
      "begin" : 155,
      "end" : 157,
      "text" : "in",
      "whiteSpace" : false
    }, {
      "id" : "s1-t14",
      "begin" : 158,
      "end" : 161,
      "text" : "the",
      "whiteSpace" : false
    }, {
      "id" : "s1-t15",
      "begin" : 162,
      "end" : 171,
      "text" : "workplace",
      "whiteSpace" : false
    }, {
      "id" : "s1-t16",
      "begin" : 171,
      "end" : 172,
      "text" : ".",
      "whiteSpace" : false
    } ]
  }, {
    "id" : "s2",
    "begin" : 174,
    "end" : 229,
    "text" : "Iran workersrights HumanRights \nhttps://t.co/cM7D247dY9",
    "tokens" : [ {
      "id" : "s2-t0",
      "begin" : 174,
      "end" : 178,
      "text" : "Iran",
      "whiteSpace" : false
    }, {
      "id" : "s2-t1",
      "begin" : 179,
      "end" : 192,
      "text" : "workersrights",
      "whiteSpace" : false
    }, {
      "id" : "s2-t2",
      "begin" : 193,
      "end" : 204,
      "text" : "HumanRights",
      "whiteSpace" : false
    }, {
      "id" : "s2-t3",
      "begin" : 206,
      "end" : 229,
      "text" : "https://t.co/cM7D247dY9",
      "whiteSpace" : false
    } ]
  } ],
  "mentions" : [ {
    "id" : "s0-m0",
    "properties" : {
      "SIRE_MENTION_CLASS" : "SPC",
      "SIRE_MENTION_ROLE" : "safety",
      "SIRE_MENTION_TYPE" : "NONE",
      "SIRE_ENTITY_SUBTYPE" : "NONE"
    },
    "type" : "safety",
    "begin" : 17,
    "end" : 24,
    "inCoref" : false
  }, {
    "id" : "s0-m1",
    "properties" : {
      "SIRE_MENTION_CLASS" : "SPC",
      "SIRE_MENTION_ROLE" : "safety",
      "SIRE_MENTION_TYPE" : "NONE",
      "SIRE_ENTITY_SUBTYPE" : "NONE"
    },
    "type" : "safety",
    "begin" : 61,
    "end" : 67,
    "inCoref" : false
  }, {
    "id" : "s1-m2",
    "properties" : {
      "SIRE_MENTION_ROLE" : "safety",
      "SIRE_ENTITY_SUBTYPE" : "NONE",
      "SIRE_MENTION_TYPE" : "NONE",
      "SIRE_MENTION_CLASS" : "SPC"
    },
    "type" : "safety",
    "begin" : 135,
    "end" : 141,
    "inCoref" : false
  }, {
    "id" : "s1-m1",
    "properties" : {
      "SIRE_MENTION_ROLE" : "safety",
      "SIRE_ENTITY_SUBTYPE" : "NONE",
      "SIRE_MENTION_TYPE" : "NONE",
      "SIRE_MENTION_CLASS" : "SPC"
    },
    "type" : "safety",
    "begin" : 146,
    "end" : 154,
    "inCoref" : false
  } ],
  "relations" : [ ],
  "corefs" : [ ],
  "typeResolved" : true,
  "userResolved" : false
}