{
  "id" : "13e60380-19bf-11e9-b91a-632a538f72de-38",
  "name" : "Doc 38",
  "createdDate" : 0,
  "version" : 3,
  "text" : "(Im)migrant sex working people and massage workers are organizing against workplace and police violence right here in N‚Ä¶",
  "docLength" : 0,
  "language" : "EN",
  "status" : "SUBMITTED",
  "modifiedDate" : 1547665228466,
  "documentSet" : [ ],
  "preannotation" : [ "PRE_LW" ],
  "sentences" : [ {
    "id" : "s0",
    "begin" : 0,
    "end" : 122,
    "text" : "(Im)migrant sex working people and massage workers are organizing against workplace and police violence right here in N‚Ä¶",
    "tokens" : [ {
      "id" : "s0-t0",
      "begin" : 0,
      "end" : 1,
      "text" : "(",
      "whiteSpace" : false
    }, {
      "id" : "s0-t1",
      "begin" : 1,
      "end" : 3,
      "text" : "Im",
      "whiteSpace" : false
    }, {
      "id" : "s0-t2",
      "begin" : 3,
      "end" : 4,
      "text" : ")",
      "whiteSpace" : false
    }, {
      "id" : "s0-t3",
      "begin" : 4,
      "end" : 11,
      "text" : "migrant",
      "whiteSpace" : false
    }, {
      "id" : "s0-t4",
      "begin" : 12,
      "end" : 15,
      "text" : "sex",
      "whiteSpace" : false
    }, {
      "id" : "s0-t5",
      "begin" : 16,
      "end" : 23,
      "text" : "working",
      "whiteSpace" : false
    }, {
      "id" : "s0-t6",
      "begin" : 24,
      "end" : 30,
      "text" : "people",
      "whiteSpace" : false
    }, {
      "id" : "s0-t7",
      "begin" : 31,
      "end" : 34,
      "text" : "and",
      "whiteSpace" : false
    }, {
      "id" : "s0-t8",
      "begin" : 35,
      "end" : 42,
      "text" : "massage",
      "whiteSpace" : false
    }, {
      "id" : "s0-t9",
      "begin" : 43,
      "end" : 50,
      "text" : "workers",
      "whiteSpace" : false
    }, {
      "id" : "s0-t10",
      "begin" : 51,
      "end" : 54,
      "text" : "are",
      "whiteSpace" : false
    }, {
      "id" : "s0-t11",
      "begin" : 55,
      "end" : 65,
      "text" : "organizing",
      "whiteSpace" : false
    }, {
      "id" : "s0-t12",
      "begin" : 66,
      "end" : 73,
      "text" : "against",
      "whiteSpace" : false
    }, {
      "id" : "s0-t13",
      "begin" : 74,
      "end" : 83,
      "text" : "workplace",
      "whiteSpace" : false
    }, {
      "id" : "s0-t14",
      "begin" : 84,
      "end" : 87,
      "text" : "and",
      "whiteSpace" : false
    }, {
      "id" : "s0-t15",
      "begin" : 88,
      "end" : 94,
      "text" : "police",
      "whiteSpace" : false
    }, {
      "id" : "s0-t16",
      "begin" : 95,
      "end" : 103,
      "text" : "violence",
      "whiteSpace" : false
    }, {
      "id" : "s0-t17",
      "begin" : 104,
      "end" : 109,
      "text" : "right",
      "whiteSpace" : false
    }, {
      "id" : "s0-t18",
      "begin" : 110,
      "end" : 114,
      "text" : "here",
      "whiteSpace" : false
    }, {
      "id" : "s0-t19",
      "begin" : 115,
      "end" : 117,
      "text" : "in",
      "whiteSpace" : false
    }, {
      "id" : "s0-t20",
      "begin" : 118,
      "end" : 119,
      "text" : "N",
      "whiteSpace" : false
    }, {
      "id" : "s0-t21",
      "begin" : 119,
      "end" : 120,
      "text" : "‚",
      "whiteSpace" : false
    }, {
      "id" : "s0-t22",
      "begin" : 120,
      "end" : 121,
      "text" : "Ä",
      "whiteSpace" : false
    }, {
      "id" : "s0-t23",
      "begin" : 121,
      "end" : 122,
      "text" : "¶",
      "whiteSpace" : false
    } ]
  } ],
  "mentions" : [ ],
  "relations" : [ ],
  "corefs" : [ ],
  "typeResolved" : true,
  "userResolved" : false
}