{
  "id" : "13e60380-19bf-11e9-b91a-632a538f72de-34",
  "name" : "Doc 34",
  "createdDate" : 0,
  "version" : 3,
  "text" : "Ldn_Labour PSAC610 gmwiseone pattimdalton charmcentral JulieJuliart RT 15andfairness for all workers rally in front of the LdnOnt Chamber of Commerce in LondonOntario Today(December15th) WSIB InjuredWorkers FightFor15 WorkersRights opseu unifor workers onpoli https://t.co/Gb7A9Uj3Eq",
  "docLength" : 0,
  "language" : "EN",
  "status" : "SUBMITTED",
  "modifiedDate" : 1547665147873,
  "documentSet" : [ ],
  "preannotation" : [ "PRE_LW" ],
  "sentences" : [ {
    "id" : "s0",
    "begin" : 0,
    "end" : 283,
    "text" : "Ldn_Labour PSAC610 gmwiseone pattimdalton charmcentral JulieJuliart RT 15andfairness for all workers rally in front of the LdnOnt Chamber of Commerce in LondonOntario Today(December15th) WSIB InjuredWorkers FightFor15 WorkersRights opseu unifor workers onpoli https://t.co/Gb7A9Uj3Eq",
    "tokens" : [ {
      "id" : "s0-t0",
      "begin" : 0,
      "end" : 10,
      "text" : "Ldn_Labour",
      "whiteSpace" : false
    }, {
      "id" : "s0-t1",
      "begin" : 11,
      "end" : 18,
      "text" : "PSAC610",
      "whiteSpace" : false
    }, {
      "id" : "s0-t2",
      "begin" : 19,
      "end" : 28,
      "text" : "gmwiseone",
      "whiteSpace" : false
    }, {
      "id" : "s0-t3",
      "begin" : 29,
      "end" : 41,
      "text" : "pattimdalton",
      "whiteSpace" : false
    }, {
      "id" : "s0-t4",
      "begin" : 42,
      "end" : 54,
      "text" : "charmcentral",
      "whiteSpace" : false
    }, {
      "id" : "s0-t5",
      "begin" : 55,
      "end" : 67,
      "text" : "JulieJuliart",
      "whiteSpace" : false
    }, {
      "id" : "s0-t6",
      "begin" : 68,
      "end" : 70,
      "text" : "RT",
      "whiteSpace" : false
    }, {
      "id" : "s0-t7",
      "begin" : 71,
      "end" : 84,
      "text" : "15andfairness",
      "whiteSpace" : false
    }, {
      "id" : "s0-t8",
      "begin" : 85,
      "end" : 88,
      "text" : "for",
      "whiteSpace" : false
    }, {
      "id" : "s0-t9",
      "begin" : 89,
      "end" : 92,
      "text" : "all",
      "whiteSpace" : false
    }, {
      "id" : "s0-t10",
      "begin" : 93,
      "end" : 100,
      "text" : "workers",
      "whiteSpace" : false
    }, {
      "id" : "s0-t11",
      "begin" : 101,
      "end" : 106,
      "text" : "rally",
      "whiteSpace" : false
    }, {
      "id" : "s0-t12",
      "begin" : 107,
      "end" : 109,
      "text" : "in",
      "whiteSpace" : false
    }, {
      "id" : "s0-t13",
      "begin" : 110,
      "end" : 115,
      "text" : "front",
      "whiteSpace" : false
    }, {
      "id" : "s0-t14",
      "begin" : 116,
      "end" : 118,
      "text" : "of",
      "whiteSpace" : false
    }, {
      "id" : "s0-t15",
      "begin" : 119,
      "end" : 122,
      "text" : "the",
      "whiteSpace" : false
    }, {
      "id" : "s0-t16",
      "begin" : 123,
      "end" : 129,
      "text" : "LdnOnt",
      "whiteSpace" : false
    }, {
      "id" : "s0-t17",
      "begin" : 130,
      "end" : 137,
      "text" : "Chamber",
      "whiteSpace" : false
    }, {
      "id" : "s0-t18",
      "begin" : 138,
      "end" : 140,
      "text" : "of",
      "whiteSpace" : false
    }, {
      "id" : "s0-t19",
      "begin" : 141,
      "end" : 149,
      "text" : "Commerce",
      "whiteSpace" : false
    }, {
      "id" : "s0-t20",
      "begin" : 150,
      "end" : 152,
      "text" : "in",
      "whiteSpace" : false
    }, {
      "id" : "s0-t21",
      "begin" : 153,
      "end" : 166,
      "text" : "LondonOntario",
      "whiteSpace" : false
    }, {
      "id" : "s0-t22",
      "begin" : 167,
      "end" : 172,
      "text" : "Today",
      "whiteSpace" : false
    }, {
      "id" : "s0-t23",
      "begin" : 172,
      "end" : 173,
      "text" : "(",
      "whiteSpace" : false
    }, {
      "id" : "s0-t24",
      "begin" : 173,
      "end" : 185,
      "text" : "December15th",
      "whiteSpace" : false
    }, {
      "id" : "s0-t25",
      "begin" : 185,
      "end" : 186,
      "text" : ")",
      "whiteSpace" : false
    }, {
      "id" : "s0-t26",
      "begin" : 187,
      "end" : 191,
      "text" : "WSIB",
      "whiteSpace" : false
    }, {
      "id" : "s0-t27",
      "begin" : 192,
      "end" : 206,
      "text" : "InjuredWorkers",
      "whiteSpace" : false
    }, {
      "id" : "s0-t28",
      "begin" : 207,
      "end" : 217,
      "text" : "FightFor15",
      "whiteSpace" : false
    }, {
      "id" : "s0-t29",
      "begin" : 218,
      "end" : 231,
      "text" : "WorkersRights",
      "whiteSpace" : false
    }, {
      "id" : "s0-t30",
      "begin" : 232,
      "end" : 237,
      "text" : "opseu",
      "whiteSpace" : false
    }, {
      "id" : "s0-t31",
      "begin" : 238,
      "end" : 244,
      "text" : "unifor",
      "whiteSpace" : false
    }, {
      "id" : "s0-t32",
      "begin" : 245,
      "end" : 252,
      "text" : "workers",
      "whiteSpace" : false
    }, {
      "id" : "s0-t33",
      "begin" : 253,
      "end" : 259,
      "text" : "onpoli",
      "whiteSpace" : false
    }, {
      "id" : "s0-t34",
      "begin" : 260,
      "end" : 283,
      "text" : "https://t.co/Gb7A9Uj3Eq",
      "whiteSpace" : false
    } ]
  } ],
  "mentions" : [ {
    "id" : "s0-m1",
    "properties" : {
      "SIRE_MENTION_ROLE" : "protest",
      "SIRE_ENTITY_SUBTYPE" : "NONE",
      "SIRE_MENTION_TYPE" : "NONE",
      "SIRE_MENTION_CLASS" : "SPC"
    },
    "type" : "protest",
    "begin" : 101,
    "end" : 106,
    "inCoref" : false
  } ],
  "relations" : [ ],
  "corefs" : [ ],
  "typeResolved" : true,
  "userResolved" : false
}