{
  "id" : "13e60380-19bf-11e9-b91a-632a538f72de-9",
  "name" : "Doc 9",
  "createdDate" : 0,
  "version" : 3,
  "text" : "Let's support SenSanders' Stop Walmart Act to put workers over shareholders : https://t.co/YnzsKYDqqd via CREDOMobile WorkersRights Labour SayNoToCorporateGreed",
  "docLength" : 0,
  "language" : "EN",
  "status" : "SUBMITTED",
  "modifiedDate" : 1547665868656,
  "documentSet" : [ ],
  "preannotation" : [ "PRE_LW" ],
  "sentences" : [ {
    "id" : "s0",
    "begin" : 0,
    "end" : 160,
    "text" : "Let's support SenSanders' Stop Walmart Act to put workers over shareholders : https://t.co/YnzsKYDqqd via CREDOMobile WorkersRights Labour SayNoToCorporateGreed",
    "tokens" : [ {
      "id" : "s0-t0",
      "begin" : 0,
      "end" : 3,
      "text" : "Let",
      "whiteSpace" : false
    }, {
      "id" : "s0-t1",
      "begin" : 3,
      "end" : 5,
      "text" : "'s",
      "whiteSpace" : false
    }, {
      "id" : "s0-t2",
      "begin" : 6,
      "end" : 13,
      "text" : "support",
      "whiteSpace" : false
    }, {
      "id" : "s0-t3",
      "begin" : 14,
      "end" : 24,
      "text" : "SenSanders",
      "whiteSpace" : false
    }, {
      "id" : "s0-t4",
      "begin" : 24,
      "end" : 25,
      "text" : "'",
      "whiteSpace" : false
    }, {
      "id" : "s0-t5",
      "begin" : 26,
      "end" : 30,
      "text" : "Stop",
      "whiteSpace" : false
    }, {
      "id" : "s0-t6",
      "begin" : 31,
      "end" : 38,
      "text" : "Walmart",
      "whiteSpace" : false
    }, {
      "id" : "s0-t7",
      "begin" : 39,
      "end" : 42,
      "text" : "Act",
      "whiteSpace" : false
    }, {
      "id" : "s0-t8",
      "begin" : 43,
      "end" : 45,
      "text" : "to",
      "whiteSpace" : false
    }, {
      "id" : "s0-t9",
      "begin" : 46,
      "end" : 49,
      "text" : "put",
      "whiteSpace" : false
    }, {
      "id" : "s0-t10",
      "begin" : 50,
      "end" : 57,
      "text" : "workers",
      "whiteSpace" : false
    }, {
      "id" : "s0-t11",
      "begin" : 58,
      "end" : 62,
      "text" : "over",
      "whiteSpace" : false
    }, {
      "id" : "s0-t12",
      "begin" : 63,
      "end" : 75,
      "text" : "shareholders",
      "whiteSpace" : false
    }, {
      "id" : "s0-t13",
      "begin" : 76,
      "end" : 77,
      "text" : ":",
      "whiteSpace" : false
    }, {
      "id" : "s0-t14",
      "begin" : 78,
      "end" : 101,
      "text" : "https://t.co/YnzsKYDqqd",
      "whiteSpace" : false
    }, {
      "id" : "s0-t15",
      "begin" : 102,
      "end" : 105,
      "text" : "via",
      "whiteSpace" : false
    }, {
      "id" : "s0-t16",
      "begin" : 106,
      "end" : 117,
      "text" : "CREDOMobile",
      "whiteSpace" : false
    }, {
      "id" : "s0-t17",
      "begin" : 118,
      "end" : 131,
      "text" : "WorkersRights",
      "whiteSpace" : false
    }, {
      "id" : "s0-t18",
      "begin" : 132,
      "end" : 138,
      "text" : "Labour",
      "whiteSpace" : false
    }, {
      "id" : "s0-t19",
      "begin" : 139,
      "end" : 160,
      "text" : "SayNoToCorporateGreed",
      "whiteSpace" : false
    } ]
  } ],
  "mentions" : [ ],
  "relations" : [ ],
  "corefs" : [ ],
  "typeResolved" : true,
  "userResolved" : false
}