{
  "id" : "13e60380-19bf-11e9-b91a-632a538f72de-60",
  "name" : "Doc 60",
  "createdDate" : 0,
  "version" : 3,
  "text" : "At my new workplace I am getting paid well. There is no discrimination against black or coloured or color. Employees do not strike and protest. It is peaceful.",
  "docLength" : 0,
  "language" : "EN",
  "status" : "SUBMITTED",
  "modifiedDate" : 1547665908145,
  "documentSet" : [ ],
  "preannotation" : [ "PRE_LW" ],
  "sentences" : [ {
    "id" : "s0",
    "begin" : 0,
    "end" : 43,
    "text" : "At my new workplace I am getting paid well.",
    "tokens" : [ {
      "id" : "s0-t0",
      "begin" : 0,
      "end" : 2,
      "text" : "At",
      "whiteSpace" : false
    }, {
      "id" : "s0-t1",
      "begin" : 3,
      "end" : 5,
      "text" : "my",
      "whiteSpace" : false
    }, {
      "id" : "s0-t2",
      "begin" : 6,
      "end" : 9,
      "text" : "new",
      "whiteSpace" : false
    }, {
      "id" : "s0-t3",
      "begin" : 10,
      "end" : 19,
      "text" : "workplace",
      "whiteSpace" : false
    }, {
      "id" : "s0-t4",
      "begin" : 20,
      "end" : 21,
      "text" : "I",
      "whiteSpace" : false
    }, {
      "id" : "s0-t5",
      "begin" : 22,
      "end" : 24,
      "text" : "am",
      "whiteSpace" : false
    }, {
      "id" : "s0-t6",
      "begin" : 25,
      "end" : 32,
      "text" : "getting",
      "whiteSpace" : false
    }, {
      "id" : "s0-t7",
      "begin" : 33,
      "end" : 37,
      "text" : "paid",
      "whiteSpace" : false
    }, {
      "id" : "s0-t8",
      "begin" : 38,
      "end" : 42,
      "text" : "well",
      "whiteSpace" : false
    }, {
      "id" : "s0-t9",
      "begin" : 42,
      "end" : 43,
      "text" : ".",
      "whiteSpace" : false
    } ]
  }, {
    "id" : "s1",
    "begin" : 44,
    "end" : 106,
    "text" : "There is no discrimination against black or coloured or color.",
    "tokens" : [ {
      "id" : "s1-t0",
      "begin" : 44,
      "end" : 49,
      "text" : "There",
      "whiteSpace" : false
    }, {
      "id" : "s1-t1",
      "begin" : 50,
      "end" : 52,
      "text" : "is",
      "whiteSpace" : false
    }, {
      "id" : "s1-t2",
      "begin" : 53,
      "end" : 55,
      "text" : "no",
      "whiteSpace" : false
    }, {
      "id" : "s1-t3",
      "begin" : 56,
      "end" : 70,
      "text" : "discrimination",
      "whiteSpace" : false
    }, {
      "id" : "s1-t4",
      "begin" : 71,
      "end" : 78,
      "text" : "against",
      "whiteSpace" : false
    }, {
      "id" : "s1-t5",
      "begin" : 79,
      "end" : 84,
      "text" : "black",
      "whiteSpace" : false
    }, {
      "id" : "s1-t6",
      "begin" : 85,
      "end" : 87,
      "text" : "or",
      "whiteSpace" : false
    }, {
      "id" : "s1-t7",
      "begin" : 88,
      "end" : 96,
      "text" : "coloured",
      "whiteSpace" : false
    }, {
      "id" : "s1-t8",
      "begin" : 97,
      "end" : 99,
      "text" : "or",
      "whiteSpace" : false
    }, {
      "id" : "s1-t9",
      "begin" : 100,
      "end" : 105,
      "text" : "color",
      "whiteSpace" : false
    }, {
      "id" : "s1-t10",
      "begin" : 105,
      "end" : 106,
      "text" : ".",
      "whiteSpace" : false
    } ]
  }, {
    "id" : "s2",
    "begin" : 107,
    "end" : 143,
    "text" : "Employees do not strike and protest.",
    "tokens" : [ {
      "id" : "s2-t0",
      "begin" : 107,
      "end" : 116,
      "text" : "Employees",
      "whiteSpace" : false
    }, {
      "id" : "s2-t1",
      "begin" : 117,
      "end" : 119,
      "text" : "do",
      "whiteSpace" : false
    }, {
      "id" : "s2-t2",
      "begin" : 120,
      "end" : 123,
      "text" : "not",
      "whiteSpace" : false
    }, {
      "id" : "s2-t3",
      "begin" : 124,
      "end" : 130,
      "text" : "strike",
      "whiteSpace" : false
    }, {
      "id" : "s2-t4",
      "begin" : 131,
      "end" : 134,
      "text" : "and",
      "whiteSpace" : false
    }, {
      "id" : "s2-t5",
      "begin" : 135,
      "end" : 142,
      "text" : "protest",
      "whiteSpace" : false
    }, {
      "id" : "s2-t6",
      "begin" : 142,
      "end" : 143,
      "text" : ".",
      "whiteSpace" : false
    } ]
  }, {
    "id" : "s3",
    "begin" : 144,
    "end" : 159,
    "text" : "It is peaceful.",
    "tokens" : [ {
      "id" : "s3-t0",
      "begin" : 144,
      "end" : 146,
      "text" : "It",
      "whiteSpace" : false
    }, {
      "id" : "s3-t1",
      "begin" : 147,
      "end" : 149,
      "text" : "is",
      "whiteSpace" : false
    }, {
      "id" : "s3-t2",
      "begin" : 150,
      "end" : 158,
      "text" : "peaceful",
      "whiteSpace" : false
    }, {
      "id" : "s3-t3",
      "begin" : 158,
      "end" : 159,
      "text" : ".",
      "whiteSpace" : false
    } ]
  } ],
  "mentions" : [ {
    "id" : "s0-m0",
    "properties" : {
      "SIRE_MENTION_CLASS" : "SPC",
      "SIRE_MENTION_ROLE" : "salary",
      "SIRE_MENTION_TYPE" : "NONE",
      "SIRE_ENTITY_SUBTYPE" : "NONE"
    },
    "type" : "salary",
    "begin" : 33,
    "end" : 37,
    "inCoref" : false
  }, {
    "id" : "s1-m0",
    "properties" : {
      "SIRE_MENTION_CLASS" : "SPC",
      "SIRE_MENTION_ROLE" : "discrimination",
      "SIRE_MENTION_TYPE" : "NONE",
      "SIRE_ENTITY_SUBTYPE" : "NONE"
    },
    "type" : "discrimination",
    "begin" : 56,
    "end" : 70,
    "inCoref" : false
  }, {
    "id" : "s1-m1",
    "properties" : {
      "SIRE_MENTION_CLASS" : "SPC",
      "SIRE_MENTION_ROLE" : "discrimination",
      "SIRE_MENTION_TYPE" : "NONE",
      "SIRE_ENTITY_SUBTYPE" : "NONE"
    },
    "type" : "discrimination",
    "begin" : 79,
    "end" : 84,
    "inCoref" : false
  }, {
    "id" : "s1-m2",
    "properties" : {
      "SIRE_MENTION_CLASS" : "SPC",
      "SIRE_MENTION_ROLE" : "discrimination",
      "SIRE_MENTION_TYPE" : "NONE",
      "SIRE_ENTITY_SUBTYPE" : "NONE"
    },
    "type" : "discrimination",
    "begin" : 88,
    "end" : 96,
    "inCoref" : false
  }, {
    "id" : "s1-m3",
    "properties" : {
      "SIRE_MENTION_CLASS" : "SPC",
      "SIRE_MENTION_ROLE" : "discrimination",
      "SIRE_MENTION_TYPE" : "NONE",
      "SIRE_ENTITY_SUBTYPE" : "NONE"
    },
    "type" : "discrimination",
    "begin" : 100,
    "end" : 105,
    "inCoref" : false
  }, {
    "id" : "s2-m0",
    "properties" : {
      "SIRE_MENTION_CLASS" : "SPC",
      "SIRE_MENTION_ROLE" : "protest",
      "SIRE_MENTION_TYPE" : "NONE",
      "SIRE_ENTITY_SUBTYPE" : "NONE"
    },
    "type" : "protest",
    "begin" : 124,
    "end" : 130,
    "inCoref" : false
  }, {
    "id" : "s2-m1",
    "properties" : {
      "SIRE_MENTION_CLASS" : "SPC",
      "SIRE_MENTION_ROLE" : "protest",
      "SIRE_MENTION_TYPE" : "NONE",
      "SIRE_ENTITY_SUBTYPE" : "NONE"
    },
    "type" : "protest",
    "begin" : 135,
    "end" : 142,
    "inCoref" : false
  } ],
  "relations" : [ ],
  "corefs" : [ ],
  "typeResolved" : true,
  "userResolved" : false
}