{
  "id" : "13e60380-19bf-11e9-b91a-632a538f72de-22",
  "name" : "Doc 22",
  "createdDate" : 0,
  "version" : 3,
  "text" : "laplanck Oh, and it wrongfully minimizes the fact that unions were also pushing for worker safety and better hours and instead makes it sound like they were only interested in more money for workers.",
  "docLength" : 0,
  "language" : "EN",
  "status" : "SUBMITTED",
  "modifiedDate" : 1547664858200,
  "documentSet" : [ ],
  "preannotation" : [ "PRE_LW" ],
  "sentences" : [ {
    "id" : "s0",
    "begin" : 0,
    "end" : 199,
    "text" : "laplanck Oh, and it wrongfully minimizes the fact that unions were also pushing for worker safety and better hours and instead makes it sound like they were only interested in more money for workers.",
    "tokens" : [ {
      "id" : "s0-t0",
      "begin" : 0,
      "end" : 8,
      "text" : "laplanck",
      "whiteSpace" : false
    }, {
      "id" : "s0-t1",
      "begin" : 9,
      "end" : 11,
      "text" : "Oh",
      "whiteSpace" : false
    }, {
      "id" : "s0-t2",
      "begin" : 11,
      "end" : 12,
      "text" : ",",
      "whiteSpace" : false
    }, {
      "id" : "s0-t3",
      "begin" : 13,
      "end" : 16,
      "text" : "and",
      "whiteSpace" : false
    }, {
      "id" : "s0-t4",
      "begin" : 17,
      "end" : 19,
      "text" : "it",
      "whiteSpace" : false
    }, {
      "id" : "s0-t5",
      "begin" : 20,
      "end" : 30,
      "text" : "wrongfully",
      "whiteSpace" : false
    }, {
      "id" : "s0-t6",
      "begin" : 31,
      "end" : 40,
      "text" : "minimizes",
      "whiteSpace" : false
    }, {
      "id" : "s0-t7",
      "begin" : 41,
      "end" : 44,
      "text" : "the",
      "whiteSpace" : false
    }, {
      "id" : "s0-t8",
      "begin" : 45,
      "end" : 49,
      "text" : "fact",
      "whiteSpace" : false
    }, {
      "id" : "s0-t9",
      "begin" : 50,
      "end" : 54,
      "text" : "that",
      "whiteSpace" : false
    }, {
      "id" : "s0-t10",
      "begin" : 55,
      "end" : 61,
      "text" : "unions",
      "whiteSpace" : false
    }, {
      "id" : "s0-t11",
      "begin" : 62,
      "end" : 66,
      "text" : "were",
      "whiteSpace" : false
    }, {
      "id" : "s0-t12",
      "begin" : 67,
      "end" : 71,
      "text" : "also",
      "whiteSpace" : false
    }, {
      "id" : "s0-t13",
      "begin" : 72,
      "end" : 79,
      "text" : "pushing",
      "whiteSpace" : false
    }, {
      "id" : "s0-t14",
      "begin" : 80,
      "end" : 83,
      "text" : "for",
      "whiteSpace" : false
    }, {
      "id" : "s0-t15",
      "begin" : 84,
      "end" : 90,
      "text" : "worker",
      "whiteSpace" : false
    }, {
      "id" : "s0-t16",
      "begin" : 91,
      "end" : 97,
      "text" : "safety",
      "whiteSpace" : false
    }, {
      "id" : "s0-t17",
      "begin" : 98,
      "end" : 101,
      "text" : "and",
      "whiteSpace" : false
    }, {
      "id" : "s0-t18",
      "begin" : 102,
      "end" : 108,
      "text" : "better",
      "whiteSpace" : false
    }, {
      "id" : "s0-t19",
      "begin" : 109,
      "end" : 114,
      "text" : "hours",
      "whiteSpace" : false
    }, {
      "id" : "s0-t20",
      "begin" : 115,
      "end" : 118,
      "text" : "and",
      "whiteSpace" : false
    }, {
      "id" : "s0-t21",
      "begin" : 119,
      "end" : 126,
      "text" : "instead",
      "whiteSpace" : false
    }, {
      "id" : "s0-t22",
      "begin" : 127,
      "end" : 132,
      "text" : "makes",
      "whiteSpace" : false
    }, {
      "id" : "s0-t23",
      "begin" : 133,
      "end" : 135,
      "text" : "it",
      "whiteSpace" : false
    }, {
      "id" : "s0-t24",
      "begin" : 136,
      "end" : 141,
      "text" : "sound",
      "whiteSpace" : false
    }, {
      "id" : "s0-t25",
      "begin" : 142,
      "end" : 146,
      "text" : "like",
      "whiteSpace" : false
    }, {
      "id" : "s0-t26",
      "begin" : 147,
      "end" : 151,
      "text" : "they",
      "whiteSpace" : false
    }, {
      "id" : "s0-t27",
      "begin" : 152,
      "end" : 156,
      "text" : "were",
      "whiteSpace" : false
    }, {
      "id" : "s0-t28",
      "begin" : 157,
      "end" : 161,
      "text" : "only",
      "whiteSpace" : false
    }, {
      "id" : "s0-t29",
      "begin" : 162,
      "end" : 172,
      "text" : "interested",
      "whiteSpace" : false
    }, {
      "id" : "s0-t30",
      "begin" : 173,
      "end" : 175,
      "text" : "in",
      "whiteSpace" : false
    }, {
      "id" : "s0-t31",
      "begin" : 176,
      "end" : 180,
      "text" : "more",
      "whiteSpace" : false
    }, {
      "id" : "s0-t32",
      "begin" : 181,
      "end" : 186,
      "text" : "money",
      "whiteSpace" : false
    }, {
      "id" : "s0-t33",
      "begin" : 187,
      "end" : 190,
      "text" : "for",
      "whiteSpace" : false
    }, {
      "id" : "s0-t34",
      "begin" : 191,
      "end" : 198,
      "text" : "workers",
      "whiteSpace" : false
    }, {
      "id" : "s0-t35",
      "begin" : 198,
      "end" : 199,
      "text" : ".",
      "whiteSpace" : false
    } ]
  } ],
  "mentions" : [ {
    "id" : "s0-m0",
    "properties" : {
      "SIRE_MENTION_CLASS" : "SPC",
      "SIRE_MENTION_ROLE" : "union",
      "SIRE_MENTION_TYPE" : "NONE",
      "SIRE_ENTITY_SUBTYPE" : "NONE"
    },
    "type" : "union",
    "begin" : 55,
    "end" : 61,
    "inCoref" : false
  }, {
    "id" : "s0-m1",
    "properties" : {
      "SIRE_MENTION_CLASS" : "SPC",
      "SIRE_MENTION_ROLE" : "safety",
      "SIRE_MENTION_TYPE" : "NONE",
      "SIRE_ENTITY_SUBTYPE" : "NONE"
    },
    "type" : "safety",
    "begin" : 91,
    "end" : 97,
    "inCoref" : false
  }, {
    "id" : "s0-m2",
    "properties" : {
      "SIRE_MENTION_CLASS" : "SPC",
      "SIRE_MENTION_ROLE" : "hours",
      "SIRE_MENTION_TYPE" : "NONE",
      "SIRE_ENTITY_SUBTYPE" : "NONE"
    },
    "type" : "hours",
    "begin" : 109,
    "end" : 114,
    "inCoref" : false
  }, {
    "id" : "s0-m3",
    "properties" : {
      "SIRE_MENTION_CLASS" : "SPC",
      "SIRE_MENTION_ROLE" : "salary",
      "SIRE_MENTION_TYPE" : "NONE",
      "SIRE_ENTITY_SUBTYPE" : "NONE"
    },
    "type" : "salary",
    "begin" : 181,
    "end" : 186,
    "inCoref" : false
  } ],
  "relations" : [ ],
  "corefs" : [ ],
  "typeResolved" : true,
  "userResolved" : false
}