{
  "id" : "13e60380-19bf-11e9-b91a-632a538f72de-26",
  "name" : "Doc 26",
  "createdDate" : 0,
  "version" : 3,
  "text" : "Ilhan Omar Protests With Muslim Amazon Employees To Demand A More Islamic Workplace\n\nVia: LauraLoomer \nhttps://t.co/dLCmW‚Ä¶",
  "docLength" : 0,
  "language" : "EN",
  "status" : "SUBMITTED",
  "modifiedDate" : 1547664897221,
  "documentSet" : [ ],
  "preannotation" : [ "PRE_LW" ],
  "sentences" : [ {
    "id" : "s0",
    "begin" : 0,
    "end" : 83,
    "text" : "Ilhan Omar Protests With Muslim Amazon Employees To Demand A More Islamic Workplace",
    "tokens" : [ {
      "id" : "s0-t0",
      "begin" : 0,
      "end" : 5,
      "text" : "Ilhan",
      "whiteSpace" : false
    }, {
      "id" : "s0-t1",
      "begin" : 6,
      "end" : 10,
      "text" : "Omar",
      "whiteSpace" : false
    }, {
      "id" : "s0-t2",
      "begin" : 11,
      "end" : 19,
      "text" : "Protests",
      "whiteSpace" : false
    }, {
      "id" : "s0-t3",
      "begin" : 20,
      "end" : 24,
      "text" : "With",
      "whiteSpace" : false
    }, {
      "id" : "s0-t4",
      "begin" : 25,
      "end" : 31,
      "text" : "Muslim",
      "whiteSpace" : false
    }, {
      "id" : "s0-t5",
      "begin" : 32,
      "end" : 38,
      "text" : "Amazon",
      "whiteSpace" : false
    }, {
      "id" : "s0-t6",
      "begin" : 39,
      "end" : 48,
      "text" : "Employees",
      "whiteSpace" : false
    }, {
      "id" : "s0-t7",
      "begin" : 49,
      "end" : 51,
      "text" : "To",
      "whiteSpace" : false
    }, {
      "id" : "s0-t8",
      "begin" : 52,
      "end" : 58,
      "text" : "Demand",
      "whiteSpace" : false
    }, {
      "id" : "s0-t9",
      "begin" : 59,
      "end" : 60,
      "text" : "A",
      "whiteSpace" : false
    }, {
      "id" : "s0-t10",
      "begin" : 61,
      "end" : 65,
      "text" : "More",
      "whiteSpace" : false
    }, {
      "id" : "s0-t11",
      "begin" : 66,
      "end" : 73,
      "text" : "Islamic",
      "whiteSpace" : false
    }, {
      "id" : "s0-t12",
      "begin" : 74,
      "end" : 83,
      "text" : "Workplace",
      "whiteSpace" : false
    } ]
  }, {
    "id" : "s1",
    "begin" : 85,
    "end" : 124,
    "text" : "Via: LauraLoomer \nhttps://t.co/dLCmW‚Ä¶",
    "tokens" : [ {
      "id" : "s1-t0",
      "begin" : 85,
      "end" : 88,
      "text" : "Via",
      "whiteSpace" : false
    }, {
      "id" : "s1-t1",
      "begin" : 88,
      "end" : 89,
      "text" : ":",
      "whiteSpace" : false
    }, {
      "id" : "s1-t2",
      "begin" : 90,
      "end" : 101,
      "text" : "LauraLoomer",
      "whiteSpace" : false
    }, {
      "id" : "s1-t3",
      "begin" : 103,
      "end" : 121,
      "text" : "https://t.co/dLCmW",
      "whiteSpace" : false
    }, {
      "id" : "s1-t4",
      "begin" : 121,
      "end" : 122,
      "text" : "‚",
      "whiteSpace" : false
    }, {
      "id" : "s1-t5",
      "begin" : 122,
      "end" : 123,
      "text" : "Ä",
      "whiteSpace" : false
    }, {
      "id" : "s1-t6",
      "begin" : 123,
      "end" : 124,
      "text" : "¶",
      "whiteSpace" : false
    } ]
  } ],
  "mentions" : [ {
    "id" : "s0-m0",
    "properties" : {
      "SIRE_MENTION_CLASS" : "SPC",
      "SIRE_MENTION_ROLE" : "protest",
      "SIRE_MENTION_TYPE" : "NONE",
      "SIRE_ENTITY_SUBTYPE" : "NONE"
    },
    "type" : "protest",
    "begin" : 11,
    "end" : 19,
    "inCoref" : false
  }, {
    "id" : "s0-m1",
    "properties" : {
      "SIRE_MENTION_CLASS" : "SPC",
      "SIRE_MENTION_ROLE" : "discrimination",
      "SIRE_MENTION_TYPE" : "NONE",
      "SIRE_ENTITY_SUBTYPE" : "NONE"
    },
    "type" : "discrimination",
    "begin" : 25,
    "end" : 31,
    "inCoref" : false
  }, {
    "id" : "s0-m2",
    "properties" : {
      "SIRE_MENTION_CLASS" : "SPC",
      "SIRE_MENTION_ROLE" : "discrimination",
      "SIRE_MENTION_TYPE" : "NONE",
      "SIRE_ENTITY_SUBTYPE" : "NONE"
    },
    "type" : "discrimination",
    "begin" : 66,
    "end" : 73,
    "inCoref" : false
  } ],
  "relations" : [ ],
  "corefs" : [ ],
  "typeResolved" : true,
  "userResolved" : false
}