{
  "id" : "13e60380-19bf-11e9-b91a-632a538f72de-1",
  "name" : "Doc 1",
  "createdDate" : 0,
  "version" : 3,
  "text" : "Ya think ‚Å¶CBS‚Å© is fear-mongering much?  What does Obamacare have to do with Medicare, Medicaid OR Employee-sponsored healthc‚Ä¶",
  "docLength" : 0,
  "language" : "EN",
  "status" : "SUBMITTED",
  "modifiedDate" : 1547664502933,
  "documentSet" : [ ],
  "preannotation" : [ "PRE_LW" ],
  "sentences" : [ {
    "id" : "s0",
    "begin" : 0,
    "end" : 42,
    "text" : "Ya think ‚Å¶CBS‚Å© is fear-mongering much?",
    "tokens" : [ {
      "id" : "s0-t0",
      "begin" : 0,
      "end" : 2,
      "text" : "Ya",
      "whiteSpace" : false
    }, {
      "id" : "s0-t1",
      "begin" : 3,
      "end" : 8,
      "text" : "think",
      "whiteSpace" : false
    }, {
      "id" : "s0-t2",
      "begin" : 9,
      "end" : 10,
      "text" : "‚",
      "whiteSpace" : false
    }, {
      "id" : "s0-t3",
      "begin" : 10,
      "end" : 11,
      "text" : "Å",
      "whiteSpace" : false
    }, {
      "id" : "s0-t4",
      "begin" : 11,
      "end" : 12,
      "text" : "¶",
      "whiteSpace" : false
    }, {
      "id" : "s0-t5",
      "begin" : 12,
      "end" : 15,
      "text" : "CBS",
      "whiteSpace" : false
    }, {
      "id" : "s0-t6",
      "begin" : 15,
      "end" : 16,
      "text" : "‚",
      "whiteSpace" : false
    }, {
      "id" : "s0-t7",
      "begin" : 16,
      "end" : 18,
      "text" : "Å©",
      "whiteSpace" : false
    }, {
      "id" : "s0-t8",
      "begin" : 19,
      "end" : 21,
      "text" : "is",
      "whiteSpace" : false
    }, {
      "id" : "s0-t9",
      "begin" : 22,
      "end" : 36,
      "text" : "fear-mongering",
      "whiteSpace" : false
    }, {
      "id" : "s0-t10",
      "begin" : 37,
      "end" : 41,
      "text" : "much",
      "whiteSpace" : false
    }, {
      "id" : "s0-t11",
      "begin" : 41,
      "end" : 42,
      "text" : "?",
      "whiteSpace" : false
    } ]
  }, {
    "id" : "s1",
    "begin" : 44,
    "end" : 131,
    "text" : "What does Obamacare have to do with Medicare, Medicaid OR Employee-sponsored healthc‚Ä¶",
    "tokens" : [ {
      "id" : "s1-t0",
      "begin" : 44,
      "end" : 48,
      "text" : "What",
      "whiteSpace" : false
    }, {
      "id" : "s1-t1",
      "begin" : 49,
      "end" : 53,
      "text" : "does",
      "whiteSpace" : false
    }, {
      "id" : "s1-t2",
      "begin" : 54,
      "end" : 63,
      "text" : "Obamacare",
      "whiteSpace" : false
    }, {
      "id" : "s1-t3",
      "begin" : 64,
      "end" : 68,
      "text" : "have",
      "whiteSpace" : false
    }, {
      "id" : "s1-t4",
      "begin" : 69,
      "end" : 71,
      "text" : "to",
      "whiteSpace" : false
    }, {
      "id" : "s1-t5",
      "begin" : 72,
      "end" : 74,
      "text" : "do",
      "whiteSpace" : false
    }, {
      "id" : "s1-t6",
      "begin" : 75,
      "end" : 79,
      "text" : "with",
      "whiteSpace" : false
    }, {
      "id" : "s1-t7",
      "begin" : 80,
      "end" : 88,
      "text" : "Medicare",
      "whiteSpace" : false
    }, {
      "id" : "s1-t8",
      "begin" : 88,
      "end" : 89,
      "text" : ",",
      "whiteSpace" : false
    }, {
      "id" : "s1-t9",
      "begin" : 90,
      "end" : 98,
      "text" : "Medicaid",
      "whiteSpace" : false
    }, {
      "id" : "s1-t10",
      "begin" : 99,
      "end" : 101,
      "text" : "OR",
      "whiteSpace" : false
    }, {
      "id" : "s1-t11",
      "begin" : 102,
      "end" : 110,
      "text" : "Employee",
      "whiteSpace" : false
    }, {
      "id" : "s1-t12",
      "begin" : 110,
      "end" : 111,
      "text" : "-",
      "whiteSpace" : false
    }, {
      "id" : "s1-t13",
      "begin" : 111,
      "end" : 120,
      "text" : "sponsored",
      "whiteSpace" : false
    }, {
      "id" : "s1-t14",
      "begin" : 121,
      "end" : 128,
      "text" : "healthc",
      "whiteSpace" : false
    }, {
      "id" : "s1-t15",
      "begin" : 128,
      "end" : 129,
      "text" : "‚",
      "whiteSpace" : false
    }, {
      "id" : "s1-t16",
      "begin" : 129,
      "end" : 130,
      "text" : "Ä",
      "whiteSpace" : false
    }, {
      "id" : "s1-t17",
      "begin" : 130,
      "end" : 131,
      "text" : "¶",
      "whiteSpace" : false
    } ]
  } ],
  "mentions" : [ {
    "id" : "s1-m0",
    "properties" : {
      "SIRE_MENTION_CLASS" : "SPC",
      "SIRE_MENTION_ROLE" : "healthcare",
      "SIRE_MENTION_TYPE" : "NONE",
      "SIRE_ENTITY_SUBTYPE" : "NONE"
    },
    "type" : "healthcare",
    "begin" : 80,
    "end" : 88,
    "inCoref" : false
  }, {
    "id" : "s1-m1",
    "properties" : {
      "SIRE_MENTION_CLASS" : "SPC",
      "SIRE_MENTION_ROLE" : "healthcare",
      "SIRE_MENTION_TYPE" : "NONE",
      "SIRE_ENTITY_SUBTYPE" : "NONE"
    },
    "type" : "healthcare",
    "begin" : 90,
    "end" : 98,
    "inCoref" : false
  }, {
    "id" : "s1-m3",
    "properties" : {
      "SIRE_MENTION_ROLE" : "healthcare",
      "SIRE_ENTITY_SUBTYPE" : "NONE",
      "SIRE_MENTION_TYPE" : "NONE",
      "SIRE_MENTION_CLASS" : "SPC"
    },
    "type" : "healthcare",
    "begin" : 121,
    "end" : 128,
    "inCoref" : false
  } ],
  "relations" : [ ],
  "corefs" : [ ],
  "typeResolved" : true,
  "userResolved" : false
}