{
  "id" : "13e60380-19bf-11e9-b91a-632a538f72de-46",
  "name" : "Doc 46",
  "createdDate" : 0,
  "version" : 3,
  "text" : "Are you intelligent? Are you a hard worker ? Are you honest ? Don't get a job at Insesa. Your talents are wasted. üò™",
  "docLength" : 0,
  "language" : "EN",
  "status" : "SUBMITTED",
  "modifiedDate" : 1547665561900,
  "documentSet" : [ ],
  "preannotation" : [ "PRE_LW" ],
  "sentences" : [ {
    "id" : "s0",
    "begin" : 0,
    "end" : 20,
    "text" : "Are you intelligent?",
    "tokens" : [ {
      "id" : "s0-t0",
      "begin" : 0,
      "end" : 3,
      "text" : "Are",
      "whiteSpace" : false
    }, {
      "id" : "s0-t1",
      "begin" : 4,
      "end" : 7,
      "text" : "you",
      "whiteSpace" : false
    }, {
      "id" : "s0-t2",
      "begin" : 8,
      "end" : 19,
      "text" : "intelligent",
      "whiteSpace" : false
    }, {
      "id" : "s0-t3",
      "begin" : 19,
      "end" : 20,
      "text" : "?",
      "whiteSpace" : false
    } ]
  }, {
    "id" : "s1",
    "begin" : 21,
    "end" : 44,
    "text" : "Are you a hard worker ?",
    "tokens" : [ {
      "id" : "s1-t0",
      "begin" : 21,
      "end" : 24,
      "text" : "Are",
      "whiteSpace" : false
    }, {
      "id" : "s1-t1",
      "begin" : 25,
      "end" : 28,
      "text" : "you",
      "whiteSpace" : false
    }, {
      "id" : "s1-t2",
      "begin" : 29,
      "end" : 30,
      "text" : "a",
      "whiteSpace" : false
    }, {
      "id" : "s1-t3",
      "begin" : 31,
      "end" : 35,
      "text" : "hard",
      "whiteSpace" : false
    }, {
      "id" : "s1-t4",
      "begin" : 36,
      "end" : 42,
      "text" : "worker",
      "whiteSpace" : false
    }, {
      "id" : "s1-t5",
      "begin" : 43,
      "end" : 44,
      "text" : "?",
      "whiteSpace" : false
    } ]
  }, {
    "id" : "s2",
    "begin" : 45,
    "end" : 61,
    "text" : "Are you honest ?",
    "tokens" : [ {
      "id" : "s2-t0",
      "begin" : 45,
      "end" : 48,
      "text" : "Are",
      "whiteSpace" : false
    }, {
      "id" : "s2-t1",
      "begin" : 49,
      "end" : 52,
      "text" : "you",
      "whiteSpace" : false
    }, {
      "id" : "s2-t2",
      "begin" : 53,
      "end" : 59,
      "text" : "honest",
      "whiteSpace" : false
    }, {
      "id" : "s2-t3",
      "begin" : 60,
      "end" : 61,
      "text" : "?",
      "whiteSpace" : false
    } ]
  }, {
    "id" : "s3",
    "begin" : 62,
    "end" : 88,
    "text" : "Don't get a job at Insesa.",
    "tokens" : [ {
      "id" : "s3-t0",
      "begin" : 62,
      "end" : 64,
      "text" : "Do",
      "whiteSpace" : false
    }, {
      "id" : "s3-t1",
      "begin" : 64,
      "end" : 67,
      "text" : "n't",
      "whiteSpace" : false
    }, {
      "id" : "s3-t2",
      "begin" : 68,
      "end" : 71,
      "text" : "get",
      "whiteSpace" : false
    }, {
      "id" : "s3-t3",
      "begin" : 72,
      "end" : 73,
      "text" : "a",
      "whiteSpace" : false
    }, {
      "id" : "s3-t4",
      "begin" : 74,
      "end" : 77,
      "text" : "job",
      "whiteSpace" : false
    }, {
      "id" : "s3-t5",
      "begin" : 78,
      "end" : 80,
      "text" : "at",
      "whiteSpace" : false
    }, {
      "id" : "s3-t6",
      "begin" : 81,
      "end" : 87,
      "text" : "Insesa",
      "whiteSpace" : false
    }, {
      "id" : "s3-t7",
      "begin" : 87,
      "end" : 88,
      "text" : ".",
      "whiteSpace" : false
    } ]
  }, {
    "id" : "s4",
    "begin" : 89,
    "end" : 113,
    "text" : "Your talents are wasted.",
    "tokens" : [ {
      "id" : "s4-t0",
      "begin" : 89,
      "end" : 93,
      "text" : "Your",
      "whiteSpace" : false
    }, {
      "id" : "s4-t1",
      "begin" : 94,
      "end" : 101,
      "text" : "talents",
      "whiteSpace" : false
    }, {
      "id" : "s4-t2",
      "begin" : 102,
      "end" : 105,
      "text" : "are",
      "whiteSpace" : false
    }, {
      "id" : "s4-t3",
      "begin" : 106,
      "end" : 112,
      "text" : "wasted",
      "whiteSpace" : false
    }, {
      "id" : "s4-t4",
      "begin" : 112,
      "end" : 113,
      "text" : ".",
      "whiteSpace" : false
    } ]
  }, {
    "id" : "s5",
    "begin" : 114,
    "end" : 118,
    "text" : "üò™",
    "tokens" : [ {
      "id" : "s5-t0",
      "begin" : 114,
      "end" : 118,
      "text" : "üò™",
      "whiteSpace" : false
    } ]
  } ],
  "mentions" : [ ],
  "relations" : [ ],
  "corefs" : [ ],
  "typeResolved" : true,
  "userResolved" : false
}