{
  "id" : "13e60380-19bf-11e9-b91a-632a538f72de-6",
  "name" : "Doc 6",
  "createdDate" : 0,
  "version" : 3,
  "text" : "Iranian Regime Orders Crackdown on Lawyers\n\nhttps://t.co/vw1RLAP6eE\n\nIran Iranian Arab Law Court Lawyer Art NYC Work‚Ä¶",
  "docLength" : 0,
  "language" : "EN",
  "status" : "SUBMITTED",
  "modifiedDate" : 1547665918477,
  "documentSet" : [ ],
  "preannotation" : [ "PRE_LW" ],
  "sentences" : [ {
    "id" : "s0",
    "begin" : 0,
    "end" : 42,
    "text" : "Iranian Regime Orders Crackdown on Lawyers",
    "tokens" : [ {
      "id" : "s0-t0",
      "begin" : 0,
      "end" : 7,
      "text" : "Iranian",
      "whiteSpace" : false
    }, {
      "id" : "s0-t1",
      "begin" : 8,
      "end" : 14,
      "text" : "Regime",
      "whiteSpace" : false
    }, {
      "id" : "s0-t2",
      "begin" : 15,
      "end" : 21,
      "text" : "Orders",
      "whiteSpace" : false
    }, {
      "id" : "s0-t3",
      "begin" : 22,
      "end" : 31,
      "text" : "Crackdown",
      "whiteSpace" : false
    }, {
      "id" : "s0-t4",
      "begin" : 32,
      "end" : 34,
      "text" : "on",
      "whiteSpace" : false
    }, {
      "id" : "s0-t5",
      "begin" : 35,
      "end" : 42,
      "text" : "Lawyers",
      "whiteSpace" : false
    } ]
  }, {
    "id" : "s1",
    "begin" : 44,
    "end" : 67,
    "text" : "https://t.co/vw1RLAP6eE",
    "tokens" : [ {
      "id" : "s1-t0",
      "begin" : 44,
      "end" : 67,
      "text" : "https://t.co/vw1RLAP6eE",
      "whiteSpace" : false
    } ]
  }, {
    "id" : "s2",
    "begin" : 69,
    "end" : 119,
    "text" : "Iran Iranian Arab Law Court Lawyer Art NYC Work‚Ä¶",
    "tokens" : [ {
      "id" : "s2-t0",
      "begin" : 69,
      "end" : 73,
      "text" : "Iran",
      "whiteSpace" : false
    }, {
      "id" : "s2-t1",
      "begin" : 74,
      "end" : 81,
      "text" : "Iranian",
      "whiteSpace" : false
    }, {
      "id" : "s2-t2",
      "begin" : 82,
      "end" : 86,
      "text" : "Arab",
      "whiteSpace" : false
    }, {
      "id" : "s2-t3",
      "begin" : 87,
      "end" : 90,
      "text" : "Law",
      "whiteSpace" : false
    }, {
      "id" : "s2-t4",
      "begin" : 91,
      "end" : 96,
      "text" : "Court",
      "whiteSpace" : false
    }, {
      "id" : "s2-t5",
      "begin" : 97,
      "end" : 103,
      "text" : "Lawyer",
      "whiteSpace" : false
    }, {
      "id" : "s2-t6",
      "begin" : 104,
      "end" : 107,
      "text" : "Art",
      "whiteSpace" : false
    }, {
      "id" : "s2-t7",
      "begin" : 108,
      "end" : 111,
      "text" : "NYC",
      "whiteSpace" : false
    }, {
      "id" : "s2-t8",
      "begin" : 112,
      "end" : 116,
      "text" : "Work",
      "whiteSpace" : false
    }, {
      "id" : "s2-t9",
      "begin" : 116,
      "end" : 117,
      "text" : "‚",
      "whiteSpace" : false
    }, {
      "id" : "s2-t10",
      "begin" : 117,
      "end" : 118,
      "text" : "Ä",
      "whiteSpace" : false
    }, {
      "id" : "s2-t11",
      "begin" : 118,
      "end" : 119,
      "text" : "¶",
      "whiteSpace" : false
    } ]
  } ],
  "mentions" : [ ],
  "relations" : [ ],
  "corefs" : [ ],
  "typeResolved" : true,
  "userResolved" : false
}