{
  "id" : "13e60380-19bf-11e9-b91a-632a538f72de-48",
  "name" : "Doc 48",
  "createdDate" : 0,
  "version" : 3,
  "text" : "I probably would not recommend speaking up about labor issues this way, but kid was brave. And, those labor issues are why I haven‚Äôt willingly set foot in a Walmart in &gt;25 years workersrights organize union https://t.co/r3xlBhPSc0",
  "docLength" : 0,
  "language" : "EN",
  "status" : "SUBMITTED",
  "modifiedDate" : 1547665639846,
  "documentSet" : [ ],
  "preannotation" : [ "PRE_LW" ],
  "sentences" : [ {
    "id" : "s0",
    "begin" : 0,
    "end" : 90,
    "text" : "I probably would not recommend speaking up about labor issues this way, but kid was brave.",
    "tokens" : [ {
      "id" : "s0-t0",
      "begin" : 0,
      "end" : 1,
      "text" : "I",
      "whiteSpace" : false
    }, {
      "id" : "s0-t1",
      "begin" : 2,
      "end" : 10,
      "text" : "probably",
      "whiteSpace" : false
    }, {
      "id" : "s0-t2",
      "begin" : 11,
      "end" : 16,
      "text" : "would",
      "whiteSpace" : false
    }, {
      "id" : "s0-t3",
      "begin" : 17,
      "end" : 20,
      "text" : "not",
      "whiteSpace" : false
    }, {
      "id" : "s0-t4",
      "begin" : 21,
      "end" : 30,
      "text" : "recommend",
      "whiteSpace" : false
    }, {
      "id" : "s0-t5",
      "begin" : 31,
      "end" : 39,
      "text" : "speaking",
      "whiteSpace" : false
    }, {
      "id" : "s0-t6",
      "begin" : 40,
      "end" : 42,
      "text" : "up",
      "whiteSpace" : false
    }, {
      "id" : "s0-t7",
      "begin" : 43,
      "end" : 48,
      "text" : "about",
      "whiteSpace" : false
    }, {
      "id" : "s0-t8",
      "begin" : 49,
      "end" : 54,
      "text" : "labor",
      "whiteSpace" : false
    }, {
      "id" : "s0-t9",
      "begin" : 55,
      "end" : 61,
      "text" : "issues",
      "whiteSpace" : false
    }, {
      "id" : "s0-t10",
      "begin" : 62,
      "end" : 66,
      "text" : "this",
      "whiteSpace" : false
    }, {
      "id" : "s0-t11",
      "begin" : 67,
      "end" : 70,
      "text" : "way",
      "whiteSpace" : false
    }, {
      "id" : "s0-t12",
      "begin" : 70,
      "end" : 71,
      "text" : ",",
      "whiteSpace" : false
    }, {
      "id" : "s0-t13",
      "begin" : 72,
      "end" : 75,
      "text" : "but",
      "whiteSpace" : false
    }, {
      "id" : "s0-t14",
      "begin" : 76,
      "end" : 79,
      "text" : "kid",
      "whiteSpace" : false
    }, {
      "id" : "s0-t15",
      "begin" : 80,
      "end" : 83,
      "text" : "was",
      "whiteSpace" : false
    }, {
      "id" : "s0-t16",
      "begin" : 84,
      "end" : 89,
      "text" : "brave",
      "whiteSpace" : false
    }, {
      "id" : "s0-t17",
      "begin" : 89,
      "end" : 90,
      "text" : ".",
      "whiteSpace" : false
    } ]
  }, {
    "id" : "s1",
    "begin" : 91,
    "end" : 235,
    "text" : "And, those labor issues are why I haven‚Äôt willingly set foot in a Walmart in &gt;25 years workersrights organize union https://t.co/r3xlBhPSc0",
    "tokens" : [ {
      "id" : "s1-t0",
      "begin" : 91,
      "end" : 94,
      "text" : "And",
      "whiteSpace" : false
    }, {
      "id" : "s1-t1",
      "begin" : 94,
      "end" : 95,
      "text" : ",",
      "whiteSpace" : false
    }, {
      "id" : "s1-t2",
      "begin" : 96,
      "end" : 101,
      "text" : "those",
      "whiteSpace" : false
    }, {
      "id" : "s1-t3",
      "begin" : 102,
      "end" : 107,
      "text" : "labor",
      "whiteSpace" : false
    }, {
      "id" : "s1-t4",
      "begin" : 108,
      "end" : 114,
      "text" : "issues",
      "whiteSpace" : false
    }, {
      "id" : "s1-t5",
      "begin" : 115,
      "end" : 118,
      "text" : "are",
      "whiteSpace" : false
    }, {
      "id" : "s1-t6",
      "begin" : 119,
      "end" : 122,
      "text" : "why",
      "whiteSpace" : false
    }, {
      "id" : "s1-t7",
      "begin" : 123,
      "end" : 124,
      "text" : "I",
      "whiteSpace" : false
    }, {
      "id" : "s1-t8",
      "begin" : 125,
      "end" : 130,
      "text" : "haven",
      "whiteSpace" : false
    }, {
      "id" : "s1-t9",
      "begin" : 130,
      "end" : 131,
      "text" : "‚",
      "whiteSpace" : false
    }, {
      "id" : "s1-t10",
      "begin" : 131,
      "end" : 134,
      "text" : "Äôt",
      "whiteSpace" : false
    }, {
      "id" : "s1-t11",
      "begin" : 135,
      "end" : 144,
      "text" : "willingly",
      "whiteSpace" : false
    }, {
      "id" : "s1-t12",
      "begin" : 145,
      "end" : 148,
      "text" : "set",
      "whiteSpace" : false
    }, {
      "id" : "s1-t13",
      "begin" : 149,
      "end" : 153,
      "text" : "foot",
      "whiteSpace" : false
    }, {
      "id" : "s1-t14",
      "begin" : 154,
      "end" : 156,
      "text" : "in",
      "whiteSpace" : false
    }, {
      "id" : "s1-t15",
      "begin" : 157,
      "end" : 158,
      "text" : "a",
      "whiteSpace" : false
    }, {
      "id" : "s1-t16",
      "begin" : 159,
      "end" : 166,
      "text" : "Walmart",
      "whiteSpace" : false
    }, {
      "id" : "s1-t17",
      "begin" : 167,
      "end" : 169,
      "text" : "in",
      "whiteSpace" : false
    }, {
      "id" : "s1-t18",
      "begin" : 170,
      "end" : 174,
      "text" : "&gt;",
      "whiteSpace" : false
    }, {
      "id" : "s1-t19",
      "begin" : 174,
      "end" : 176,
      "text" : "25",
      "whiteSpace" : false
    }, {
      "id" : "s1-t20",
      "begin" : 177,
      "end" : 182,
      "text" : "years",
      "whiteSpace" : false
    }, {
      "id" : "s1-t21",
      "begin" : 183,
      "end" : 196,
      "text" : "workersrights",
      "whiteSpace" : false
    }, {
      "id" : "s1-t22",
      "begin" : 197,
      "end" : 205,
      "text" : "organize",
      "whiteSpace" : false
    }, {
      "id" : "s1-t23",
      "begin" : 206,
      "end" : 211,
      "text" : "union",
      "whiteSpace" : false
    }, {
      "id" : "s1-t24",
      "begin" : 212,
      "end" : 235,
      "text" : "https://t.co/r3xlBhPSc0",
      "whiteSpace" : false
    } ]
  } ],
  "mentions" : [ {
    "id" : "s1-m0",
    "properties" : {
      "SIRE_MENTION_CLASS" : "SPC",
      "SIRE_MENTION_ROLE" : "union",
      "SIRE_MENTION_TYPE" : "NONE",
      "SIRE_ENTITY_SUBTYPE" : "NONE"
    },
    "type" : "union",
    "begin" : 206,
    "end" : 211,
    "inCoref" : false
  } ],
  "relations" : [ ],
  "corefs" : [ ],
  "typeResolved" : true,
  "userResolved" : false
}