{
  "id" : "13e60380-19bf-11e9-b91a-632a538f72de-33",
  "name" : "Doc 33",
  "createdDate" : 0,
  "version" : 3,
  "text" : "Unite4Truth frogpondRN LauraLoomer if they want a more Islamic workplace then they need to go back from where they migrated from!  This is America-------adapt or leave!",
  "docLength" : 0,
  "language" : "EN",
  "status" : "SUBMITTED",
  "modifiedDate" : 1547665133075,
  "documentSet" : [ ],
  "preannotation" : [ "PRE_LW" ],
  "sentences" : [ {
    "id" : "s0",
    "begin" : 0,
    "end" : 129,
    "text" : "Unite4Truth frogpondRN LauraLoomer if they want a more Islamic workplace then they need to go back from where they migrated from!",
    "tokens" : [ {
      "id" : "s0-t0",
      "begin" : 0,
      "end" : 11,
      "text" : "Unite4Truth",
      "whiteSpace" : false
    }, {
      "id" : "s0-t1",
      "begin" : 12,
      "end" : 22,
      "text" : "frogpondRN",
      "whiteSpace" : false
    }, {
      "id" : "s0-t2",
      "begin" : 23,
      "end" : 34,
      "text" : "LauraLoomer",
      "whiteSpace" : false
    }, {
      "id" : "s0-t3",
      "begin" : 35,
      "end" : 37,
      "text" : "if",
      "whiteSpace" : false
    }, {
      "id" : "s0-t4",
      "begin" : 38,
      "end" : 42,
      "text" : "they",
      "whiteSpace" : false
    }, {
      "id" : "s0-t5",
      "begin" : 43,
      "end" : 47,
      "text" : "want",
      "whiteSpace" : false
    }, {
      "id" : "s0-t6",
      "begin" : 48,
      "end" : 49,
      "text" : "a",
      "whiteSpace" : false
    }, {
      "id" : "s0-t7",
      "begin" : 50,
      "end" : 54,
      "text" : "more",
      "whiteSpace" : false
    }, {
      "id" : "s0-t8",
      "begin" : 55,
      "end" : 62,
      "text" : "Islamic",
      "whiteSpace" : false
    }, {
      "id" : "s0-t9",
      "begin" : 63,
      "end" : 72,
      "text" : "workplace",
      "whiteSpace" : false
    }, {
      "id" : "s0-t10",
      "begin" : 73,
      "end" : 77,
      "text" : "then",
      "whiteSpace" : false
    }, {
      "id" : "s0-t11",
      "begin" : 78,
      "end" : 82,
      "text" : "they",
      "whiteSpace" : false
    }, {
      "id" : "s0-t12",
      "begin" : 83,
      "end" : 87,
      "text" : "need",
      "whiteSpace" : false
    }, {
      "id" : "s0-t13",
      "begin" : 88,
      "end" : 90,
      "text" : "to",
      "whiteSpace" : false
    }, {
      "id" : "s0-t14",
      "begin" : 91,
      "end" : 93,
      "text" : "go",
      "whiteSpace" : false
    }, {
      "id" : "s0-t15",
      "begin" : 94,
      "end" : 98,
      "text" : "back",
      "whiteSpace" : false
    }, {
      "id" : "s0-t16",
      "begin" : 99,
      "end" : 103,
      "text" : "from",
      "whiteSpace" : false
    }, {
      "id" : "s0-t17",
      "begin" : 104,
      "end" : 109,
      "text" : "where",
      "whiteSpace" : false
    }, {
      "id" : "s0-t18",
      "begin" : 110,
      "end" : 114,
      "text" : "they",
      "whiteSpace" : false
    }, {
      "id" : "s0-t19",
      "begin" : 115,
      "end" : 123,
      "text" : "migrated",
      "whiteSpace" : false
    }, {
      "id" : "s0-t20",
      "begin" : 124,
      "end" : 128,
      "text" : "from",
      "whiteSpace" : false
    }, {
      "id" : "s0-t21",
      "begin" : 128,
      "end" : 129,
      "text" : "!",
      "whiteSpace" : false
    } ]
  }, {
    "id" : "s1",
    "begin" : 131,
    "end" : 168,
    "text" : "This is America-------adapt or leave!",
    "tokens" : [ {
      "id" : "s1-t0",
      "begin" : 131,
      "end" : 135,
      "text" : "This",
      "whiteSpace" : false
    }, {
      "id" : "s1-t1",
      "begin" : 136,
      "end" : 138,
      "text" : "is",
      "whiteSpace" : false
    }, {
      "id" : "s1-t2",
      "begin" : 139,
      "end" : 146,
      "text" : "America",
      "whiteSpace" : false
    }, {
      "id" : "s1-t3",
      "begin" : 146,
      "end" : 153,
      "text" : "-------",
      "whiteSpace" : false
    }, {
      "id" : "s1-t4",
      "begin" : 153,
      "end" : 158,
      "text" : "adapt",
      "whiteSpace" : false
    }, {
      "id" : "s1-t5",
      "begin" : 159,
      "end" : 161,
      "text" : "or",
      "whiteSpace" : false
    }, {
      "id" : "s1-t6",
      "begin" : 162,
      "end" : 167,
      "text" : "leave",
      "whiteSpace" : false
    }, {
      "id" : "s1-t7",
      "begin" : 167,
      "end" : 168,
      "text" : "!",
      "whiteSpace" : false
    } ]
  } ],
  "mentions" : [ {
    "id" : "s0-m0",
    "properties" : {
      "SIRE_MENTION_CLASS" : "SPC",
      "SIRE_MENTION_ROLE" : "discrimination",
      "SIRE_MENTION_TYPE" : "NONE",
      "SIRE_ENTITY_SUBTYPE" : "NONE"
    },
    "type" : "discrimination",
    "begin" : 55,
    "end" : 62,
    "inCoref" : false
  } ],
  "relations" : [ ],
  "corefs" : [ ],
  "typeResolved" : true,
  "userResolved" : false
}