{
  "id" : "13e60380-19bf-11e9-b91a-632a538f72de-29",
  "name" : "Doc 29",
  "createdDate" : 0,
  "version" : 3,
  "text" : "SC134C3 USPS I totally agree on how rude postal workers can be. I have two missing packages. Went to post office 3 times. 3rd employee i talked was beyond rude. üò°üò°",
  "docLength" : 0,
  "language" : "EN",
  "status" : "SUBMITTED",
  "modifiedDate" : 1547665039254,
  "documentSet" : [ ],
  "preannotation" : [ "PRE_LW" ],
  "sentences" : [ {
    "id" : "s0",
    "begin" : 0,
    "end" : 63,
    "text" : "SC134C3 USPS I totally agree on how rude postal workers can be.",
    "tokens" : [ {
      "id" : "s0-t0",
      "begin" : 0,
      "end" : 7,
      "text" : "SC134C3",
      "whiteSpace" : false
    }, {
      "id" : "s0-t1",
      "begin" : 8,
      "end" : 12,
      "text" : "USPS",
      "whiteSpace" : false
    }, {
      "id" : "s0-t2",
      "begin" : 13,
      "end" : 14,
      "text" : "I",
      "whiteSpace" : false
    }, {
      "id" : "s0-t3",
      "begin" : 15,
      "end" : 22,
      "text" : "totally",
      "whiteSpace" : false
    }, {
      "id" : "s0-t4",
      "begin" : 23,
      "end" : 28,
      "text" : "agree",
      "whiteSpace" : false
    }, {
      "id" : "s0-t5",
      "begin" : 29,
      "end" : 31,
      "text" : "on",
      "whiteSpace" : false
    }, {
      "id" : "s0-t6",
      "begin" : 32,
      "end" : 35,
      "text" : "how",
      "whiteSpace" : false
    }, {
      "id" : "s0-t7",
      "begin" : 36,
      "end" : 40,
      "text" : "rude",
      "whiteSpace" : false
    }, {
      "id" : "s0-t8",
      "begin" : 41,
      "end" : 47,
      "text" : "postal",
      "whiteSpace" : false
    }, {
      "id" : "s0-t9",
      "begin" : 48,
      "end" : 55,
      "text" : "workers",
      "whiteSpace" : false
    }, {
      "id" : "s0-t10",
      "begin" : 56,
      "end" : 59,
      "text" : "can",
      "whiteSpace" : false
    }, {
      "id" : "s0-t11",
      "begin" : 60,
      "end" : 62,
      "text" : "be",
      "whiteSpace" : false
    }, {
      "id" : "s0-t12",
      "begin" : 62,
      "end" : 63,
      "text" : ".",
      "whiteSpace" : false
    } ]
  }, {
    "id" : "s1",
    "begin" : 64,
    "end" : 92,
    "text" : "I have two missing packages.",
    "tokens" : [ {
      "id" : "s1-t0",
      "begin" : 64,
      "end" : 65,
      "text" : "I",
      "whiteSpace" : false
    }, {
      "id" : "s1-t1",
      "begin" : 66,
      "end" : 70,
      "text" : "have",
      "whiteSpace" : false
    }, {
      "id" : "s1-t2",
      "begin" : 71,
      "end" : 74,
      "text" : "two",
      "whiteSpace" : false
    }, {
      "id" : "s1-t3",
      "begin" : 75,
      "end" : 82,
      "text" : "missing",
      "whiteSpace" : false
    }, {
      "id" : "s1-t4",
      "begin" : 83,
      "end" : 91,
      "text" : "packages",
      "whiteSpace" : false
    }, {
      "id" : "s1-t5",
      "begin" : 91,
      "end" : 92,
      "text" : ".",
      "whiteSpace" : false
    } ]
  }, {
    "id" : "s2",
    "begin" : 93,
    "end" : 121,
    "text" : "Went to post office 3 times.",
    "tokens" : [ {
      "id" : "s2-t0",
      "begin" : 93,
      "end" : 97,
      "text" : "Went",
      "whiteSpace" : false
    }, {
      "id" : "s2-t1",
      "begin" : 98,
      "end" : 100,
      "text" : "to",
      "whiteSpace" : false
    }, {
      "id" : "s2-t2",
      "begin" : 101,
      "end" : 105,
      "text" : "post",
      "whiteSpace" : false
    }, {
      "id" : "s2-t3",
      "begin" : 106,
      "end" : 112,
      "text" : "office",
      "whiteSpace" : false
    }, {
      "id" : "s2-t4",
      "begin" : 113,
      "end" : 114,
      "text" : "3",
      "whiteSpace" : false
    }, {
      "id" : "s2-t5",
      "begin" : 115,
      "end" : 120,
      "text" : "times",
      "whiteSpace" : false
    }, {
      "id" : "s2-t6",
      "begin" : 120,
      "end" : 121,
      "text" : ".",
      "whiteSpace" : false
    } ]
  }, {
    "id" : "s3",
    "begin" : 122,
    "end" : 160,
    "text" : "3rd employee i talked was beyond rude.",
    "tokens" : [ {
      "id" : "s3-t0",
      "begin" : 122,
      "end" : 125,
      "text" : "3rd",
      "whiteSpace" : false
    }, {
      "id" : "s3-t1",
      "begin" : 126,
      "end" : 134,
      "text" : "employee",
      "whiteSpace" : false
    }, {
      "id" : "s3-t2",
      "begin" : 135,
      "end" : 136,
      "text" : "i",
      "whiteSpace" : false
    }, {
      "id" : "s3-t3",
      "begin" : 137,
      "end" : 143,
      "text" : "talked",
      "whiteSpace" : false
    }, {
      "id" : "s3-t4",
      "begin" : 144,
      "end" : 147,
      "text" : "was",
      "whiteSpace" : false
    }, {
      "id" : "s3-t5",
      "begin" : 148,
      "end" : 154,
      "text" : "beyond",
      "whiteSpace" : false
    }, {
      "id" : "s3-t6",
      "begin" : 155,
      "end" : 159,
      "text" : "rude",
      "whiteSpace" : false
    }, {
      "id" : "s3-t7",
      "begin" : 159,
      "end" : 160,
      "text" : ".",
      "whiteSpace" : false
    } ]
  }, {
    "id" : "s4",
    "begin" : 161,
    "end" : 169,
    "text" : "üò°üò°",
    "tokens" : [ {
      "id" : "s4-t0",
      "begin" : 161,
      "end" : 164,
      "text" : "üò",
      "whiteSpace" : false
    }, {
      "id" : "s4-t1",
      "begin" : 164,
      "end" : 165,
      "text" : "°",
      "whiteSpace" : false
    }, {
      "id" : "s4-t2",
      "begin" : 165,
      "end" : 168,
      "text" : "üò",
      "whiteSpace" : false
    }, {
      "id" : "s4-t3",
      "begin" : 168,
      "end" : 169,
      "text" : "°",
      "whiteSpace" : false
    } ]
  } ],
  "mentions" : [ ],
  "relations" : [ ],
  "corefs" : [ ],
  "typeResolved" : true,
  "userResolved" : false
}