{
  "id" : "13e60380-19bf-11e9-b91a-632a538f72de-4",
  "name" : "Doc 4",
  "createdDate" : 0,
  "version" : 3,
  "text" : "Ldn_Labour PSAC610 gmwiseone pattimdalton charmcentral JulieJuliart RT 15andfairness for all workers rally in front‚Ä¶",
  "docLength" : 0,
  "language" : "EN",
  "status" : "SUBMITTED",
  "modifiedDate" : 1547665288228,
  "documentSet" : [ ],
  "preannotation" : [ "PRE_LW" ],
  "sentences" : [ {
    "id" : "s0",
    "begin" : 0,
    "end" : 118,
    "text" : "Ldn_Labour PSAC610 gmwiseone pattimdalton charmcentral JulieJuliart RT 15andfairness for all workers rally in front‚Ä¶",
    "tokens" : [ {
      "id" : "s0-t0",
      "begin" : 0,
      "end" : 10,
      "text" : "Ldn_Labour",
      "whiteSpace" : false
    }, {
      "id" : "s0-t1",
      "begin" : 11,
      "end" : 18,
      "text" : "PSAC610",
      "whiteSpace" : false
    }, {
      "id" : "s0-t2",
      "begin" : 19,
      "end" : 28,
      "text" : "gmwiseone",
      "whiteSpace" : false
    }, {
      "id" : "s0-t3",
      "begin" : 29,
      "end" : 41,
      "text" : "pattimdalton",
      "whiteSpace" : false
    }, {
      "id" : "s0-t4",
      "begin" : 42,
      "end" : 54,
      "text" : "charmcentral",
      "whiteSpace" : false
    }, {
      "id" : "s0-t5",
      "begin" : 55,
      "end" : 67,
      "text" : "JulieJuliart",
      "whiteSpace" : false
    }, {
      "id" : "s0-t6",
      "begin" : 68,
      "end" : 70,
      "text" : "RT",
      "whiteSpace" : false
    }, {
      "id" : "s0-t7",
      "begin" : 71,
      "end" : 84,
      "text" : "15andfairness",
      "whiteSpace" : false
    }, {
      "id" : "s0-t8",
      "begin" : 85,
      "end" : 88,
      "text" : "for",
      "whiteSpace" : false
    }, {
      "id" : "s0-t9",
      "begin" : 89,
      "end" : 92,
      "text" : "all",
      "whiteSpace" : false
    }, {
      "id" : "s0-t10",
      "begin" : 93,
      "end" : 100,
      "text" : "workers",
      "whiteSpace" : false
    }, {
      "id" : "s0-t11",
      "begin" : 101,
      "end" : 106,
      "text" : "rally",
      "whiteSpace" : false
    }, {
      "id" : "s0-t12",
      "begin" : 107,
      "end" : 109,
      "text" : "in",
      "whiteSpace" : false
    }, {
      "id" : "s0-t13",
      "begin" : 110,
      "end" : 115,
      "text" : "front",
      "whiteSpace" : false
    }, {
      "id" : "s0-t14",
      "begin" : 115,
      "end" : 116,
      "text" : "‚",
      "whiteSpace" : false
    }, {
      "id" : "s0-t15",
      "begin" : 116,
      "end" : 117,
      "text" : "Ä",
      "whiteSpace" : false
    }, {
      "id" : "s0-t16",
      "begin" : 117,
      "end" : 118,
      "text" : "¶",
      "whiteSpace" : false
    } ]
  } ],
  "mentions" : [ {
    "id" : "s0-m1",
    "properties" : {
      "SIRE_MENTION_ROLE" : "protest",
      "SIRE_ENTITY_SUBTYPE" : "NONE",
      "SIRE_MENTION_TYPE" : "NONE",
      "SIRE_MENTION_CLASS" : "SPC"
    },
    "type" : "protest",
    "begin" : 101,
    "end" : 106,
    "inCoref" : false
  } ],
  "relations" : [ ],
  "corefs" : [ ],
  "typeResolved" : true,
  "userResolved" : false
}