{
  "id" : "13e60380-19bf-11e9-b91a-632a538f72de-25",
  "name" : "Doc 25",
  "createdDate" : 0,
  "version" : 3,
  "text" : "What it takes to loose a job? Just be a Muslim, coloured woman. Discrimination against religion and colour is bad.",
  "docLength" : 0,
  "language" : "EN",
  "status" : "SUBMITTED",
  "modifiedDate" : 1547664888707,
  "documentSet" : [ ],
  "preannotation" : [ "PRE_LW" ],
  "sentences" : [ {
    "id" : "s0",
    "begin" : 0,
    "end" : 29,
    "text" : "What it takes to loose a job?",
    "tokens" : [ {
      "id" : "s0-t0",
      "begin" : 0,
      "end" : 4,
      "text" : "What",
      "whiteSpace" : false
    }, {
      "id" : "s0-t1",
      "begin" : 5,
      "end" : 7,
      "text" : "it",
      "whiteSpace" : false
    }, {
      "id" : "s0-t2",
      "begin" : 8,
      "end" : 13,
      "text" : "takes",
      "whiteSpace" : false
    }, {
      "id" : "s0-t3",
      "begin" : 14,
      "end" : 16,
      "text" : "to",
      "whiteSpace" : false
    }, {
      "id" : "s0-t4",
      "begin" : 17,
      "end" : 22,
      "text" : "loose",
      "whiteSpace" : false
    }, {
      "id" : "s0-t5",
      "begin" : 23,
      "end" : 24,
      "text" : "a",
      "whiteSpace" : false
    }, {
      "id" : "s0-t6",
      "begin" : 25,
      "end" : 28,
      "text" : "job",
      "whiteSpace" : false
    }, {
      "id" : "s0-t7",
      "begin" : 28,
      "end" : 29,
      "text" : "?",
      "whiteSpace" : false
    } ]
  }, {
    "id" : "s1",
    "begin" : 30,
    "end" : 63,
    "text" : "Just be a Muslim, coloured woman.",
    "tokens" : [ {
      "id" : "s1-t0",
      "begin" : 30,
      "end" : 34,
      "text" : "Just",
      "whiteSpace" : false
    }, {
      "id" : "s1-t1",
      "begin" : 35,
      "end" : 37,
      "text" : "be",
      "whiteSpace" : false
    }, {
      "id" : "s1-t2",
      "begin" : 38,
      "end" : 39,
      "text" : "a",
      "whiteSpace" : false
    }, {
      "id" : "s1-t3",
      "begin" : 40,
      "end" : 46,
      "text" : "Muslim",
      "whiteSpace" : false
    }, {
      "id" : "s1-t4",
      "begin" : 46,
      "end" : 47,
      "text" : ",",
      "whiteSpace" : false
    }, {
      "id" : "s1-t5",
      "begin" : 48,
      "end" : 56,
      "text" : "coloured",
      "whiteSpace" : false
    }, {
      "id" : "s1-t6",
      "begin" : 57,
      "end" : 62,
      "text" : "woman",
      "whiteSpace" : false
    }, {
      "id" : "s1-t7",
      "begin" : 62,
      "end" : 63,
      "text" : ".",
      "whiteSpace" : false
    } ]
  }, {
    "id" : "s2",
    "begin" : 64,
    "end" : 114,
    "text" : "Discrimination against religion and colour is bad.",
    "tokens" : [ {
      "id" : "s2-t0",
      "begin" : 64,
      "end" : 78,
      "text" : "Discrimination",
      "whiteSpace" : false
    }, {
      "id" : "s2-t1",
      "begin" : 79,
      "end" : 86,
      "text" : "against",
      "whiteSpace" : false
    }, {
      "id" : "s2-t2",
      "begin" : 87,
      "end" : 95,
      "text" : "religion",
      "whiteSpace" : false
    }, {
      "id" : "s2-t3",
      "begin" : 96,
      "end" : 99,
      "text" : "and",
      "whiteSpace" : false
    }, {
      "id" : "s2-t4",
      "begin" : 100,
      "end" : 106,
      "text" : "colour",
      "whiteSpace" : false
    }, {
      "id" : "s2-t5",
      "begin" : 107,
      "end" : 109,
      "text" : "is",
      "whiteSpace" : false
    }, {
      "id" : "s2-t6",
      "begin" : 110,
      "end" : 113,
      "text" : "bad",
      "whiteSpace" : false
    }, {
      "id" : "s2-t7",
      "begin" : 113,
      "end" : 114,
      "text" : ".",
      "whiteSpace" : false
    } ]
  } ],
  "mentions" : [ {
    "id" : "s1-m0",
    "properties" : {
      "SIRE_MENTION_CLASS" : "SPC",
      "SIRE_MENTION_ROLE" : "discrimination",
      "SIRE_MENTION_TYPE" : "NONE",
      "SIRE_ENTITY_SUBTYPE" : "NONE"
    },
    "type" : "discrimination",
    "begin" : 40,
    "end" : 46,
    "inCoref" : false
  }, {
    "id" : "s1-m1",
    "properties" : {
      "SIRE_MENTION_CLASS" : "SPC",
      "SIRE_MENTION_ROLE" : "discrimination",
      "SIRE_MENTION_TYPE" : "NONE",
      "SIRE_ENTITY_SUBTYPE" : "NONE"
    },
    "type" : "discrimination",
    "begin" : 48,
    "end" : 56,
    "inCoref" : false
  }, {
    "id" : "s2-m0",
    "properties" : {
      "SIRE_MENTION_CLASS" : "SPC",
      "SIRE_MENTION_ROLE" : "discrimination",
      "SIRE_MENTION_TYPE" : "NONE",
      "SIRE_ENTITY_SUBTYPE" : "NONE"
    },
    "type" : "discrimination",
    "begin" : 64,
    "end" : 78,
    "inCoref" : false
  }, {
    "id" : "s2-m1",
    "properties" : {
      "SIRE_MENTION_CLASS" : "SPC",
      "SIRE_MENTION_ROLE" : "discrimination",
      "SIRE_MENTION_TYPE" : "NONE",
      "SIRE_ENTITY_SUBTYPE" : "NONE"
    },
    "type" : "discrimination",
    "begin" : 87,
    "end" : 95,
    "inCoref" : false
  }, {
    "id" : "s2-m2",
    "properties" : {
      "SIRE_MENTION_CLASS" : "SPC",
      "SIRE_MENTION_ROLE" : "discrimination",
      "SIRE_MENTION_TYPE" : "NONE",
      "SIRE_ENTITY_SUBTYPE" : "NONE"
    },
    "type" : "discrimination",
    "begin" : 100,
    "end" : 106,
    "inCoref" : false
  } ],
  "relations" : [ ],
  "corefs" : [ ],
  "typeResolved" : true,
  "userResolved" : false
}