{
  "id" : "13e60380-19bf-11e9-b91a-632a538f72de-44",
  "name" : "Doc 44",
  "createdDate" : 0,
  "version" : 3,
  "text" : "EpsilonTheory If the Fed has a choice b/t driving the economy into recession while keeping infl'n under control and employment \"sustainably\" maxed or letting the economy run too hot and deviating from their goals, they will pick option 1. They have to by design. Sustainable is the key word.3/3",
  "docLength" : 0,
  "language" : "EN",
  "status" : "SUBMITTED",
  "modifiedDate" : 1547665522510,
  "documentSet" : [ ],
  "preannotation" : [ "PRE_LW" ],
  "sentences" : [ {
    "id" : "s0",
    "begin" : 0,
    "end" : 238,
    "text" : "EpsilonTheory If the Fed has a choice b/t driving the economy into recession while keeping infl'n under control and employment \"sustainably\" maxed or letting the economy run too hot and deviating from their goals, they will pick option 1.",
    "tokens" : [ {
      "id" : "s0-t0",
      "begin" : 0,
      "end" : 13,
      "text" : "EpsilonTheory",
      "whiteSpace" : false
    }, {
      "id" : "s0-t1",
      "begin" : 14,
      "end" : 16,
      "text" : "If",
      "whiteSpace" : false
    }, {
      "id" : "s0-t2",
      "begin" : 17,
      "end" : 20,
      "text" : "the",
      "whiteSpace" : false
    }, {
      "id" : "s0-t3",
      "begin" : 21,
      "end" : 24,
      "text" : "Fed",
      "whiteSpace" : false
    }, {
      "id" : "s0-t4",
      "begin" : 25,
      "end" : 28,
      "text" : "has",
      "whiteSpace" : false
    }, {
      "id" : "s0-t5",
      "begin" : 29,
      "end" : 30,
      "text" : "a",
      "whiteSpace" : false
    }, {
      "id" : "s0-t6",
      "begin" : 31,
      "end" : 37,
      "text" : "choice",
      "whiteSpace" : false
    }, {
      "id" : "s0-t7",
      "begin" : 38,
      "end" : 39,
      "text" : "b",
      "whiteSpace" : false
    }, {
      "id" : "s0-t8",
      "begin" : 39,
      "end" : 40,
      "text" : "/",
      "whiteSpace" : false
    }, {
      "id" : "s0-t9",
      "begin" : 40,
      "end" : 41,
      "text" : "t",
      "whiteSpace" : false
    }, {
      "id" : "s0-t10",
      "begin" : 42,
      "end" : 49,
      "text" : "driving",
      "whiteSpace" : false
    }, {
      "id" : "s0-t11",
      "begin" : 50,
      "end" : 53,
      "text" : "the",
      "whiteSpace" : false
    }, {
      "id" : "s0-t12",
      "begin" : 54,
      "end" : 61,
      "text" : "economy",
      "whiteSpace" : false
    }, {
      "id" : "s0-t13",
      "begin" : 62,
      "end" : 66,
      "text" : "into",
      "whiteSpace" : false
    }, {
      "id" : "s0-t14",
      "begin" : 67,
      "end" : 76,
      "text" : "recession",
      "whiteSpace" : false
    }, {
      "id" : "s0-t15",
      "begin" : 77,
      "end" : 82,
      "text" : "while",
      "whiteSpace" : false
    }, {
      "id" : "s0-t16",
      "begin" : 83,
      "end" : 90,
      "text" : "keeping",
      "whiteSpace" : false
    }, {
      "id" : "s0-t17",
      "begin" : 91,
      "end" : 97,
      "text" : "infl'n",
      "whiteSpace" : false
    }, {
      "id" : "s0-t18",
      "begin" : 98,
      "end" : 103,
      "text" : "under",
      "whiteSpace" : false
    }, {
      "id" : "s0-t19",
      "begin" : 104,
      "end" : 111,
      "text" : "control",
      "whiteSpace" : false
    }, {
      "id" : "s0-t20",
      "begin" : 112,
      "end" : 115,
      "text" : "and",
      "whiteSpace" : false
    }, {
      "id" : "s0-t21",
      "begin" : 116,
      "end" : 126,
      "text" : "employment",
      "whiteSpace" : false
    }, {
      "id" : "s0-t22",
      "begin" : 127,
      "end" : 128,
      "text" : "\"",
      "whiteSpace" : false
    }, {
      "id" : "s0-t23",
      "begin" : 128,
      "end" : 139,
      "text" : "sustainably",
      "whiteSpace" : false
    }, {
      "id" : "s0-t24",
      "begin" : 139,
      "end" : 140,
      "text" : "\"",
      "whiteSpace" : false
    }, {
      "id" : "s0-t25",
      "begin" : 141,
      "end" : 146,
      "text" : "maxed",
      "whiteSpace" : false
    }, {
      "id" : "s0-t26",
      "begin" : 147,
      "end" : 149,
      "text" : "or",
      "whiteSpace" : false
    }, {
      "id" : "s0-t27",
      "begin" : 150,
      "end" : 157,
      "text" : "letting",
      "whiteSpace" : false
    }, {
      "id" : "s0-t28",
      "begin" : 158,
      "end" : 161,
      "text" : "the",
      "whiteSpace" : false
    }, {
      "id" : "s0-t29",
      "begin" : 162,
      "end" : 169,
      "text" : "economy",
      "whiteSpace" : false
    }, {
      "id" : "s0-t30",
      "begin" : 170,
      "end" : 173,
      "text" : "run",
      "whiteSpace" : false
    }, {
      "id" : "s0-t31",
      "begin" : 174,
      "end" : 177,
      "text" : "too",
      "whiteSpace" : false
    }, {
      "id" : "s0-t32",
      "begin" : 178,
      "end" : 181,
      "text" : "hot",
      "whiteSpace" : false
    }, {
      "id" : "s0-t33",
      "begin" : 182,
      "end" : 185,
      "text" : "and",
      "whiteSpace" : false
    }, {
      "id" : "s0-t34",
      "begin" : 186,
      "end" : 195,
      "text" : "deviating",
      "whiteSpace" : false
    }, {
      "id" : "s0-t35",
      "begin" : 196,
      "end" : 200,
      "text" : "from",
      "whiteSpace" : false
    }, {
      "id" : "s0-t36",
      "begin" : 201,
      "end" : 206,
      "text" : "their",
      "whiteSpace" : false
    }, {
      "id" : "s0-t37",
      "begin" : 207,
      "end" : 212,
      "text" : "goals",
      "whiteSpace" : false
    }, {
      "id" : "s0-t38",
      "begin" : 212,
      "end" : 213,
      "text" : ",",
      "whiteSpace" : false
    }, {
      "id" : "s0-t39",
      "begin" : 214,
      "end" : 218,
      "text" : "they",
      "whiteSpace" : false
    }, {
      "id" : "s0-t40",
      "begin" : 219,
      "end" : 223,
      "text" : "will",
      "whiteSpace" : false
    }, {
      "id" : "s0-t41",
      "begin" : 224,
      "end" : 228,
      "text" : "pick",
      "whiteSpace" : false
    }, {
      "id" : "s0-t42",
      "begin" : 229,
      "end" : 235,
      "text" : "option",
      "whiteSpace" : false
    }, {
      "id" : "s0-t43",
      "begin" : 236,
      "end" : 237,
      "text" : "1",
      "whiteSpace" : false
    }, {
      "id" : "s0-t44",
      "begin" : 237,
      "end" : 238,
      "text" : ".",
      "whiteSpace" : false
    } ]
  }, {
    "id" : "s1",
    "begin" : 239,
    "end" : 262,
    "text" : "They have to by design.",
    "tokens" : [ {
      "id" : "s1-t0",
      "begin" : 239,
      "end" : 243,
      "text" : "They",
      "whiteSpace" : false
    }, {
      "id" : "s1-t1",
      "begin" : 244,
      "end" : 248,
      "text" : "have",
      "whiteSpace" : false
    }, {
      "id" : "s1-t2",
      "begin" : 249,
      "end" : 251,
      "text" : "to",
      "whiteSpace" : false
    }, {
      "id" : "s1-t3",
      "begin" : 252,
      "end" : 254,
      "text" : "by",
      "whiteSpace" : false
    }, {
      "id" : "s1-t4",
      "begin" : 255,
      "end" : 261,
      "text" : "design",
      "whiteSpace" : false
    }, {
      "id" : "s1-t5",
      "begin" : 261,
      "end" : 262,
      "text" : ".",
      "whiteSpace" : false
    } ]
  }, {
    "id" : "s2",
    "begin" : 263,
    "end" : 294,
    "text" : "Sustainable is the key word.3/3",
    "tokens" : [ {
      "id" : "s2-t0",
      "begin" : 263,
      "end" : 274,
      "text" : "Sustainable",
      "whiteSpace" : false
    }, {
      "id" : "s2-t1",
      "begin" : 275,
      "end" : 277,
      "text" : "is",
      "whiteSpace" : false
    }, {
      "id" : "s2-t2",
      "begin" : 278,
      "end" : 281,
      "text" : "the",
      "whiteSpace" : false
    }, {
      "id" : "s2-t3",
      "begin" : 282,
      "end" : 285,
      "text" : "key",
      "whiteSpace" : false
    }, {
      "id" : "s2-t4",
      "begin" : 286,
      "end" : 294,
      "text" : "word.3/3",
      "whiteSpace" : false
    } ]
  } ],
  "mentions" : [ ],
  "relations" : [ ],
  "corefs" : [ ],
  "typeResolved" : true,
  "userResolved" : false
}