{
  "id" : "13e60380-19bf-11e9-b91a-632a538f72de-12",
  "name" : "Doc 12",
  "createdDate" : 0,
  "version" : 3,
  "text" : "Days of protests in Budapest joined by workers around the country. FreeCourts RuleofLaw LabourRights WorkersRights MediaFreedom  Hungary https://t.co/j4xBIyYqf6",
  "docLength" : 0,
  "language" : "EN",
  "status" : "SUBMITTED",
  "modifiedDate" : 1547664530582,
  "documentSet" : [ ],
  "preannotation" : [ "PRE_LW" ],
  "sentences" : [ {
    "id" : "s0",
    "begin" : 0,
    "end" : 66,
    "text" : "Days of protests in Budapest joined by workers around the country.",
    "tokens" : [ {
      "id" : "s0-t0",
      "begin" : 0,
      "end" : 4,
      "text" : "Days",
      "whiteSpace" : false
    }, {
      "id" : "s0-t1",
      "begin" : 5,
      "end" : 7,
      "text" : "of",
      "whiteSpace" : false
    }, {
      "id" : "s0-t2",
      "begin" : 8,
      "end" : 16,
      "text" : "protests",
      "whiteSpace" : false
    }, {
      "id" : "s0-t3",
      "begin" : 17,
      "end" : 19,
      "text" : "in",
      "whiteSpace" : false
    }, {
      "id" : "s0-t4",
      "begin" : 20,
      "end" : 28,
      "text" : "Budapest",
      "whiteSpace" : false
    }, {
      "id" : "s0-t5",
      "begin" : 29,
      "end" : 35,
      "text" : "joined",
      "whiteSpace" : false
    }, {
      "id" : "s0-t6",
      "begin" : 36,
      "end" : 38,
      "text" : "by",
      "whiteSpace" : false
    }, {
      "id" : "s0-t7",
      "begin" : 39,
      "end" : 46,
      "text" : "workers",
      "whiteSpace" : false
    }, {
      "id" : "s0-t8",
      "begin" : 47,
      "end" : 53,
      "text" : "around",
      "whiteSpace" : false
    }, {
      "id" : "s0-t9",
      "begin" : 54,
      "end" : 57,
      "text" : "the",
      "whiteSpace" : false
    }, {
      "id" : "s0-t10",
      "begin" : 58,
      "end" : 65,
      "text" : "country",
      "whiteSpace" : false
    }, {
      "id" : "s0-t11",
      "begin" : 65,
      "end" : 66,
      "text" : ".",
      "whiteSpace" : false
    } ]
  }, {
    "id" : "s1",
    "begin" : 67,
    "end" : 160,
    "text" : "FreeCourts RuleofLaw LabourRights WorkersRights MediaFreedom  Hungary https://t.co/j4xBIyYqf6",
    "tokens" : [ {
      "id" : "s1-t0",
      "begin" : 67,
      "end" : 77,
      "text" : "FreeCourts",
      "whiteSpace" : false
    }, {
      "id" : "s1-t1",
      "begin" : 78,
      "end" : 87,
      "text" : "RuleofLaw",
      "whiteSpace" : false
    }, {
      "id" : "s1-t2",
      "begin" : 88,
      "end" : 100,
      "text" : "LabourRights",
      "whiteSpace" : false
    }, {
      "id" : "s1-t3",
      "begin" : 101,
      "end" : 114,
      "text" : "WorkersRights",
      "whiteSpace" : false
    }, {
      "id" : "s1-t4",
      "begin" : 115,
      "end" : 127,
      "text" : "MediaFreedom",
      "whiteSpace" : false
    }, {
      "id" : "s1-t5",
      "begin" : 129,
      "end" : 136,
      "text" : "Hungary",
      "whiteSpace" : false
    }, {
      "id" : "s1-t6",
      "begin" : 137,
      "end" : 160,
      "text" : "https://t.co/j4xBIyYqf6",
      "whiteSpace" : false
    } ]
  } ],
  "mentions" : [ {
    "id" : "s0-m0",
    "properties" : {
      "SIRE_MENTION_CLASS" : "SPC",
      "SIRE_MENTION_ROLE" : "protest",
      "SIRE_MENTION_TYPE" : "NONE",
      "SIRE_ENTITY_SUBTYPE" : "NONE"
    },
    "type" : "protest",
    "begin" : 8,
    "end" : 16,
    "inCoref" : false
  } ],
  "relations" : [ ],
  "corefs" : [ ],
  "typeResolved" : true,
  "userResolved" : false
}