{
  "id" : "13e60380-19bf-11e9-b91a-632a538f72de-50",
  "name" : "Doc 50",
  "createdDate" : 0,
  "version" : 3,
  "text" : "Kashan municipal workers and Pars Pamchal Chemical Company workers, have unpaid wages.\n\nWorkersRights Iran\n\nhttps://t.co/FS3yA2pHFY",
  "docLength" : 0,
  "language" : "EN",
  "status" : "SUBMITTED",
  "modifiedDate" : 1547665687009,
  "documentSet" : [ ],
  "preannotation" : [ "PRE_LW" ],
  "sentences" : [ {
    "id" : "s0",
    "begin" : 0,
    "end" : 86,
    "text" : "Kashan municipal workers and Pars Pamchal Chemical Company workers, have unpaid wages.",
    "tokens" : [ {
      "id" : "s0-t0",
      "begin" : 0,
      "end" : 6,
      "text" : "Kashan",
      "whiteSpace" : false
    }, {
      "id" : "s0-t1",
      "begin" : 7,
      "end" : 16,
      "text" : "municipal",
      "whiteSpace" : false
    }, {
      "id" : "s0-t2",
      "begin" : 17,
      "end" : 24,
      "text" : "workers",
      "whiteSpace" : false
    }, {
      "id" : "s0-t3",
      "begin" : 25,
      "end" : 28,
      "text" : "and",
      "whiteSpace" : false
    }, {
      "id" : "s0-t4",
      "begin" : 29,
      "end" : 33,
      "text" : "Pars",
      "whiteSpace" : false
    }, {
      "id" : "s0-t5",
      "begin" : 34,
      "end" : 41,
      "text" : "Pamchal",
      "whiteSpace" : false
    }, {
      "id" : "s0-t6",
      "begin" : 42,
      "end" : 50,
      "text" : "Chemical",
      "whiteSpace" : false
    }, {
      "id" : "s0-t7",
      "begin" : 51,
      "end" : 58,
      "text" : "Company",
      "whiteSpace" : false
    }, {
      "id" : "s0-t8",
      "begin" : 59,
      "end" : 66,
      "text" : "workers",
      "whiteSpace" : false
    }, {
      "id" : "s0-t9",
      "begin" : 66,
      "end" : 67,
      "text" : ",",
      "whiteSpace" : false
    }, {
      "id" : "s0-t10",
      "begin" : 68,
      "end" : 72,
      "text" : "have",
      "whiteSpace" : false
    }, {
      "id" : "s0-t11",
      "begin" : 73,
      "end" : 79,
      "text" : "unpaid",
      "whiteSpace" : false
    }, {
      "id" : "s0-t12",
      "begin" : 80,
      "end" : 85,
      "text" : "wages",
      "whiteSpace" : false
    }, {
      "id" : "s0-t13",
      "begin" : 85,
      "end" : 86,
      "text" : ".",
      "whiteSpace" : false
    } ]
  }, {
    "id" : "s1",
    "begin" : 88,
    "end" : 106,
    "text" : "WorkersRights Iran",
    "tokens" : [ {
      "id" : "s1-t0",
      "begin" : 88,
      "end" : 101,
      "text" : "WorkersRights",
      "whiteSpace" : false
    }, {
      "id" : "s1-t1",
      "begin" : 102,
      "end" : 106,
      "text" : "Iran",
      "whiteSpace" : false
    } ]
  }, {
    "id" : "s2",
    "begin" : 108,
    "end" : 131,
    "text" : "https://t.co/FS3yA2pHFY",
    "tokens" : [ {
      "id" : "s2-t0",
      "begin" : 108,
      "end" : 131,
      "text" : "https://t.co/FS3yA2pHFY",
      "whiteSpace" : false
    } ]
  } ],
  "mentions" : [ {
    "id" : "s0-m0",
    "properties" : {
      "SIRE_MENTION_CLASS" : "SPC",
      "SIRE_MENTION_ROLE" : "salary",
      "SIRE_MENTION_TYPE" : "NONE",
      "SIRE_ENTITY_SUBTYPE" : "NONE"
    },
    "type" : "salary",
    "begin" : 73,
    "end" : 79,
    "inCoref" : false
  }, {
    "id" : "s0-m1",
    "properties" : {
      "SIRE_MENTION_CLASS" : "SPC",
      "SIRE_MENTION_ROLE" : "salary",
      "SIRE_MENTION_TYPE" : "NONE",
      "SIRE_ENTITY_SUBTYPE" : "NONE"
    },
    "type" : "salary",
    "begin" : 80,
    "end" : 85,
    "inCoref" : false
  } ],
  "relations" : [ ],
  "corefs" : [ ],
  "typeResolved" : true,
  "userResolved" : false
}