{
  "id" : "3b6f72e0-19b7-11e9-b91a-632a538f72de-43",
  "name" : "Doc 43",
  "createdDate" : 0,
  "version" : 3,
  "text" : "Minneapolis: Muslim workers at Amazon demand more time to pray during work hours: Another Muslim workplace lawsuit in ord‚Ä¶",
  "docLength" : 0,
  "language" : "EN",
  "status" : "SUBMITTED",
  "modifiedDate" : 1547661688881,
  "documentSet" : [ ],
  "preannotation" : [ "PRE_LW" ],
  "sentences" : [ {
    "id" : "s0",
    "begin" : 0,
    "end" : 124,
    "text" : "Minneapolis: Muslim workers at Amazon demand more time to pray during work hours: Another Muslim workplace lawsuit in ord‚Ä¶",
    "tokens" : [ {
      "id" : "s0-t0",
      "begin" : 0,
      "end" : 11,
      "text" : "Minneapolis",
      "whiteSpace" : false
    }, {
      "id" : "s0-t1",
      "begin" : 11,
      "end" : 12,
      "text" : ":",
      "whiteSpace" : false
    }, {
      "id" : "s0-t2",
      "begin" : 13,
      "end" : 19,
      "text" : "Muslim",
      "whiteSpace" : false
    }, {
      "id" : "s0-t3",
      "begin" : 20,
      "end" : 27,
      "text" : "workers",
      "whiteSpace" : false
    }, {
      "id" : "s0-t4",
      "begin" : 28,
      "end" : 30,
      "text" : "at",
      "whiteSpace" : false
    }, {
      "id" : "s0-t5",
      "begin" : 31,
      "end" : 37,
      "text" : "Amazon",
      "whiteSpace" : false
    }, {
      "id" : "s0-t6",
      "begin" : 38,
      "end" : 44,
      "text" : "demand",
      "whiteSpace" : false
    }, {
      "id" : "s0-t7",
      "begin" : 45,
      "end" : 49,
      "text" : "more",
      "whiteSpace" : false
    }, {
      "id" : "s0-t8",
      "begin" : 50,
      "end" : 54,
      "text" : "time",
      "whiteSpace" : false
    }, {
      "id" : "s0-t9",
      "begin" : 55,
      "end" : 57,
      "text" : "to",
      "whiteSpace" : false
    }, {
      "id" : "s0-t10",
      "begin" : 58,
      "end" : 62,
      "text" : "pray",
      "whiteSpace" : false
    }, {
      "id" : "s0-t11",
      "begin" : 63,
      "end" : 69,
      "text" : "during",
      "whiteSpace" : false
    }, {
      "id" : "s0-t12",
      "begin" : 70,
      "end" : 74,
      "text" : "work",
      "whiteSpace" : false
    }, {
      "id" : "s0-t13",
      "begin" : 75,
      "end" : 80,
      "text" : "hours",
      "whiteSpace" : false
    }, {
      "id" : "s0-t14",
      "begin" : 80,
      "end" : 81,
      "text" : ":",
      "whiteSpace" : false
    }, {
      "id" : "s0-t15",
      "begin" : 82,
      "end" : 89,
      "text" : "Another",
      "whiteSpace" : false
    }, {
      "id" : "s0-t16",
      "begin" : 90,
      "end" : 96,
      "text" : "Muslim",
      "whiteSpace" : false
    }, {
      "id" : "s0-t17",
      "begin" : 97,
      "end" : 106,
      "text" : "workplace",
      "whiteSpace" : false
    }, {
      "id" : "s0-t18",
      "begin" : 107,
      "end" : 114,
      "text" : "lawsuit",
      "whiteSpace" : false
    }, {
      "id" : "s0-t19",
      "begin" : 115,
      "end" : 117,
      "text" : "in",
      "whiteSpace" : false
    }, {
      "id" : "s0-t20",
      "begin" : 118,
      "end" : 121,
      "text" : "ord",
      "whiteSpace" : false
    }, {
      "id" : "s0-t21",
      "begin" : 121,
      "end" : 122,
      "text" : "‚",
      "whiteSpace" : false
    }, {
      "id" : "s0-t22",
      "begin" : 122,
      "end" : 123,
      "text" : "Ä",
      "whiteSpace" : false
    }, {
      "id" : "s0-t23",
      "begin" : 123,
      "end" : 124,
      "text" : "¶",
      "whiteSpace" : false
    } ]
  } ],
  "mentions" : [ {
    "id" : "s0-m0",
    "properties" : {
      "SIRE_ENTITY_SUBTYPE" : "NONE",
      "SIRE_MENTION_TYPE" : "NONE",
      "SIRE_MENTION_ROLE" : "discrimination",
      "SIRE_MENTION_CLASS" : "SPC"
    },
    "type" : "discrimination",
    "begin" : 13,
    "end" : 19,
    "inCoref" : false
  }, {
    "id" : "s0-m1",
    "properties" : {
      "SIRE_ENTITY_SUBTYPE" : "NONE",
      "SIRE_MENTION_TYPE" : "NONE",
      "SIRE_MENTION_ROLE" : "hours",
      "SIRE_MENTION_CLASS" : "SPC"
    },
    "type" : "hours",
    "begin" : 70,
    "end" : 80,
    "inCoref" : false
  }, {
    "id" : "s0-m2",
    "properties" : {
      "SIRE_ENTITY_SUBTYPE" : "NONE",
      "SIRE_MENTION_TYPE" : "NONE",
      "SIRE_MENTION_ROLE" : "discrimination",
      "SIRE_MENTION_CLASS" : "SPC"
    },
    "type" : "discrimination",
    "begin" : 90,
    "end" : 96,
    "inCoref" : false
  } ],
  "relations" : [ ],
  "corefs" : [ ],
  "typeResolved" : true,
  "userResolved" : false
}