{
  "id" : "3b6f72e0-19b7-11e9-b91a-632a538f72de-22",
  "name" : "Doc 22",
  "createdDate" : 0,
  "version" : 3,
  "text" : "15 petrochemical workers in Iran have been issued prison and flogging sentences. Their crimes? Peacefully protesting unpaid wages‚Ä¶",
  "docLength" : 0,
  "language" : "EN",
  "status" : "SUBMITTED",
  "modifiedDate" : 1547661344686,
  "documentSet" : [ ],
  "preannotation" : [ "PRE_LW" ],
  "sentences" : [ {
    "id" : "s0",
    "begin" : 0,
    "end" : 80,
    "text" : "15 petrochemical workers in Iran have been issued prison and flogging sentences.",
    "tokens" : [ {
      "id" : "s0-t0",
      "begin" : 0,
      "end" : 2,
      "text" : "15",
      "whiteSpace" : false
    }, {
      "id" : "s0-t1",
      "begin" : 3,
      "end" : 16,
      "text" : "petrochemical",
      "whiteSpace" : false
    }, {
      "id" : "s0-t2",
      "begin" : 17,
      "end" : 24,
      "text" : "workers",
      "whiteSpace" : false
    }, {
      "id" : "s0-t3",
      "begin" : 25,
      "end" : 27,
      "text" : "in",
      "whiteSpace" : false
    }, {
      "id" : "s0-t4",
      "begin" : 28,
      "end" : 32,
      "text" : "Iran",
      "whiteSpace" : false
    }, {
      "id" : "s0-t5",
      "begin" : 33,
      "end" : 37,
      "text" : "have",
      "whiteSpace" : false
    }, {
      "id" : "s0-t6",
      "begin" : 38,
      "end" : 42,
      "text" : "been",
      "whiteSpace" : false
    }, {
      "id" : "s0-t7",
      "begin" : 43,
      "end" : 49,
      "text" : "issued",
      "whiteSpace" : false
    }, {
      "id" : "s0-t8",
      "begin" : 50,
      "end" : 56,
      "text" : "prison",
      "whiteSpace" : false
    }, {
      "id" : "s0-t9",
      "begin" : 57,
      "end" : 60,
      "text" : "and",
      "whiteSpace" : false
    }, {
      "id" : "s0-t10",
      "begin" : 61,
      "end" : 69,
      "text" : "flogging",
      "whiteSpace" : false
    }, {
      "id" : "s0-t11",
      "begin" : 70,
      "end" : 79,
      "text" : "sentences",
      "whiteSpace" : false
    }, {
      "id" : "s0-t12",
      "begin" : 79,
      "end" : 80,
      "text" : ".",
      "whiteSpace" : false
    } ]
  }, {
    "id" : "s1",
    "begin" : 81,
    "end" : 94,
    "text" : "Their crimes?",
    "tokens" : [ {
      "id" : "s1-t0",
      "begin" : 81,
      "end" : 86,
      "text" : "Their",
      "whiteSpace" : false
    }, {
      "id" : "s1-t1",
      "begin" : 87,
      "end" : 93,
      "text" : "crimes",
      "whiteSpace" : false
    }, {
      "id" : "s1-t2",
      "begin" : 93,
      "end" : 94,
      "text" : "?",
      "whiteSpace" : false
    } ]
  }, {
    "id" : "s2",
    "begin" : 95,
    "end" : 132,
    "text" : "Peacefully protesting unpaid wages‚Ä¶",
    "tokens" : [ {
      "id" : "s2-t0",
      "begin" : 95,
      "end" : 105,
      "text" : "Peacefully",
      "whiteSpace" : false
    }, {
      "id" : "s2-t1",
      "begin" : 106,
      "end" : 116,
      "text" : "protesting",
      "whiteSpace" : false
    }, {
      "id" : "s2-t2",
      "begin" : 117,
      "end" : 123,
      "text" : "unpaid",
      "whiteSpace" : false
    }, {
      "id" : "s2-t3",
      "begin" : 124,
      "end" : 129,
      "text" : "wages",
      "whiteSpace" : false
    }, {
      "id" : "s2-t4",
      "begin" : 129,
      "end" : 130,
      "text" : "‚",
      "whiteSpace" : false
    }, {
      "id" : "s2-t5",
      "begin" : 130,
      "end" : 131,
      "text" : "Ä",
      "whiteSpace" : false
    }, {
      "id" : "s2-t6",
      "begin" : 131,
      "end" : 132,
      "text" : "¶",
      "whiteSpace" : false
    } ]
  } ],
  "mentions" : [ {
    "id" : "s0-m1",
    "properties" : {
      "SIRE_MENTION_ROLE" : "crime",
      "SIRE_ENTITY_SUBTYPE" : "NONE",
      "SIRE_MENTION_TYPE" : "NONE",
      "SIRE_MENTION_CLASS" : "SPC"
    },
    "type" : "crime",
    "begin" : 50,
    "end" : 56,
    "inCoref" : false
  }, {
    "id" : "s1-m0",
    "properties" : {
      "SIRE_ENTITY_SUBTYPE" : "NONE",
      "SIRE_MENTION_TYPE" : "NONE",
      "SIRE_MENTION_ROLE" : "crime",
      "SIRE_MENTION_CLASS" : "SPC"
    },
    "type" : "crime",
    "begin" : 87,
    "end" : 93,
    "inCoref" : false
  }, {
    "id" : "s2-m0",
    "properties" : {
      "SIRE_ENTITY_SUBTYPE" : "NONE",
      "SIRE_MENTION_TYPE" : "NONE",
      "SIRE_MENTION_ROLE" : "protest",
      "SIRE_MENTION_CLASS" : "SPC"
    },
    "type" : "protest",
    "begin" : 106,
    "end" : 116,
    "inCoref" : false
  }, {
    "id" : "s2-m1",
    "properties" : {
      "SIRE_ENTITY_SUBTYPE" : "NONE",
      "SIRE_MENTION_TYPE" : "NONE",
      "SIRE_MENTION_ROLE" : "salary",
      "SIRE_MENTION_CLASS" : "SPC"
    },
    "type" : "salary",
    "begin" : 117,
    "end" : 123,
    "inCoref" : false
  }, {
    "id" : "s2-m2",
    "properties" : {
      "SIRE_ENTITY_SUBTYPE" : "NONE",
      "SIRE_MENTION_TYPE" : "NONE",
      "SIRE_MENTION_ROLE" : "salary",
      "SIRE_MENTION_CLASS" : "SPC"
    },
    "type" : "salary",
    "begin" : 124,
    "end" : 129,
    "inCoref" : false
  } ],
  "relations" : [ ],
  "corefs" : [ ],
  "typeResolved" : true,
  "userResolved" : false
}