{
  "id" : "3b6f72e0-19b7-11e9-b91a-632a538f72de-47",
  "name" : "Doc 47",
  "createdDate" : 0,
  "version" : 3,
  "text" : "Too little too late. \"The idea that low paid, agency workers on zero hours, insecure contracts are gonna front up their boss a‚Ä¶",
  "docLength" : 0,
  "language" : "EN",
  "status" : "SUBMITTED",
  "modifiedDate" : 1547661733338,
  "documentSet" : [ ],
  "preannotation" : [ "PRE_LW" ],
  "sentences" : [ {
    "id" : "s0",
    "begin" : 0,
    "end" : 20,
    "text" : "Too little too late.",
    "tokens" : [ {
      "id" : "s0-t0",
      "begin" : 0,
      "end" : 3,
      "text" : "Too",
      "whiteSpace" : false
    }, {
      "id" : "s0-t1",
      "begin" : 4,
      "end" : 10,
      "text" : "little",
      "whiteSpace" : false
    }, {
      "id" : "s0-t2",
      "begin" : 11,
      "end" : 14,
      "text" : "too",
      "whiteSpace" : false
    }, {
      "id" : "s0-t3",
      "begin" : 15,
      "end" : 19,
      "text" : "late",
      "whiteSpace" : false
    }, {
      "id" : "s0-t4",
      "begin" : 19,
      "end" : 20,
      "text" : ".",
      "whiteSpace" : false
    } ]
  }, {
    "id" : "s1",
    "begin" : 21,
    "end" : 129,
    "text" : "\"The idea that low paid, agency workers on zero hours, insecure contracts are gonna front up their boss a‚Ä¶",
    "tokens" : [ {
      "id" : "s1-t0",
      "begin" : 21,
      "end" : 22,
      "text" : "\"",
      "whiteSpace" : false
    }, {
      "id" : "s1-t1",
      "begin" : 22,
      "end" : 25,
      "text" : "The",
      "whiteSpace" : false
    }, {
      "id" : "s1-t2",
      "begin" : 26,
      "end" : 30,
      "text" : "idea",
      "whiteSpace" : false
    }, {
      "id" : "s1-t3",
      "begin" : 31,
      "end" : 35,
      "text" : "that",
      "whiteSpace" : false
    }, {
      "id" : "s1-t4",
      "begin" : 36,
      "end" : 39,
      "text" : "low",
      "whiteSpace" : false
    }, {
      "id" : "s1-t5",
      "begin" : 40,
      "end" : 44,
      "text" : "paid",
      "whiteSpace" : false
    }, {
      "id" : "s1-t6",
      "begin" : 44,
      "end" : 45,
      "text" : ",",
      "whiteSpace" : false
    }, {
      "id" : "s1-t7",
      "begin" : 46,
      "end" : 52,
      "text" : "agency",
      "whiteSpace" : false
    }, {
      "id" : "s1-t8",
      "begin" : 53,
      "end" : 60,
      "text" : "workers",
      "whiteSpace" : false
    }, {
      "id" : "s1-t9",
      "begin" : 61,
      "end" : 63,
      "text" : "on",
      "whiteSpace" : false
    }, {
      "id" : "s1-t10",
      "begin" : 64,
      "end" : 68,
      "text" : "zero",
      "whiteSpace" : false
    }, {
      "id" : "s1-t11",
      "begin" : 69,
      "end" : 74,
      "text" : "hours",
      "whiteSpace" : false
    }, {
      "id" : "s1-t12",
      "begin" : 74,
      "end" : 75,
      "text" : ",",
      "whiteSpace" : false
    }, {
      "id" : "s1-t13",
      "begin" : 76,
      "end" : 84,
      "text" : "insecure",
      "whiteSpace" : false
    }, {
      "id" : "s1-t14",
      "begin" : 85,
      "end" : 94,
      "text" : "contracts",
      "whiteSpace" : false
    }, {
      "id" : "s1-t15",
      "begin" : 95,
      "end" : 98,
      "text" : "are",
      "whiteSpace" : false
    }, {
      "id" : "s1-t16",
      "begin" : 99,
      "end" : 104,
      "text" : "gonna",
      "whiteSpace" : false
    }, {
      "id" : "s1-t17",
      "begin" : 105,
      "end" : 110,
      "text" : "front",
      "whiteSpace" : false
    }, {
      "id" : "s1-t18",
      "begin" : 111,
      "end" : 113,
      "text" : "up",
      "whiteSpace" : false
    }, {
      "id" : "s1-t19",
      "begin" : 114,
      "end" : 119,
      "text" : "their",
      "whiteSpace" : false
    }, {
      "id" : "s1-t20",
      "begin" : 120,
      "end" : 124,
      "text" : "boss",
      "whiteSpace" : false
    }, {
      "id" : "s1-t21",
      "begin" : 125,
      "end" : 126,
      "text" : "a",
      "whiteSpace" : false
    }, {
      "id" : "s1-t22",
      "begin" : 126,
      "end" : 127,
      "text" : "‚",
      "whiteSpace" : false
    }, {
      "id" : "s1-t23",
      "begin" : 127,
      "end" : 128,
      "text" : "Ä",
      "whiteSpace" : false
    }, {
      "id" : "s1-t24",
      "begin" : 128,
      "end" : 129,
      "text" : "¶",
      "whiteSpace" : false
    } ]
  } ],
  "mentions" : [ {
    "id" : "s1-m0",
    "properties" : {
      "SIRE_ENTITY_SUBTYPE" : "NONE",
      "SIRE_MENTION_TYPE" : "NONE",
      "SIRE_MENTION_ROLE" : "salary",
      "SIRE_MENTION_CLASS" : "SPC"
    },
    "type" : "salary",
    "begin" : 40,
    "end" : 44,
    "inCoref" : false
  }, {
    "id" : "s1-m1",
    "properties" : {
      "SIRE_ENTITY_SUBTYPE" : "NONE",
      "SIRE_MENTION_TYPE" : "NONE",
      "SIRE_MENTION_ROLE" : "hours",
      "SIRE_MENTION_CLASS" : "SPC"
    },
    "type" : "hours",
    "begin" : 69,
    "end" : 74,
    "inCoref" : false
  } ],
  "relations" : [ ],
  "corefs" : [ ],
  "typeResolved" : true,
  "userResolved" : false
}