{
  "id" : "3b6f72e0-19b7-11e9-b91a-632a538f72de-51",
  "name" : "Doc 51",
  "createdDate" : 0,
  "version" : 3,
  "text" : "We the American people are oppressed\n\nAnd the oppressors even get Bonuses for incompetence \n\nTheEllenShow you worked‚Ä¶",
  "docLength" : 0,
  "language" : "EN",
  "status" : "SUBMITTED",
  "modifiedDate" : 1547661794145,
  "documentSet" : [ ],
  "preannotation" : [ "PRE_LW" ],
  "sentences" : [ {
    "id" : "s0",
    "begin" : 0,
    "end" : 36,
    "text" : "We the American people are oppressed",
    "tokens" : [ {
      "id" : "s0-t0",
      "begin" : 0,
      "end" : 2,
      "text" : "We",
      "whiteSpace" : false
    }, {
      "id" : "s0-t1",
      "begin" : 3,
      "end" : 6,
      "text" : "the",
      "whiteSpace" : false
    }, {
      "id" : "s0-t2",
      "begin" : 7,
      "end" : 15,
      "text" : "American",
      "whiteSpace" : false
    }, {
      "id" : "s0-t3",
      "begin" : 16,
      "end" : 22,
      "text" : "people",
      "whiteSpace" : false
    }, {
      "id" : "s0-t4",
      "begin" : 23,
      "end" : 26,
      "text" : "are",
      "whiteSpace" : false
    }, {
      "id" : "s0-t5",
      "begin" : 27,
      "end" : 36,
      "text" : "oppressed",
      "whiteSpace" : false
    } ]
  }, {
    "id" : "s1",
    "begin" : 38,
    "end" : 90,
    "text" : "And the oppressors even get Bonuses for incompetence",
    "tokens" : [ {
      "id" : "s1-t0",
      "begin" : 38,
      "end" : 41,
      "text" : "And",
      "whiteSpace" : false
    }, {
      "id" : "s1-t1",
      "begin" : 42,
      "end" : 45,
      "text" : "the",
      "whiteSpace" : false
    }, {
      "id" : "s1-t2",
      "begin" : 46,
      "end" : 56,
      "text" : "oppressors",
      "whiteSpace" : false
    }, {
      "id" : "s1-t3",
      "begin" : 57,
      "end" : 61,
      "text" : "even",
      "whiteSpace" : false
    }, {
      "id" : "s1-t4",
      "begin" : 62,
      "end" : 65,
      "text" : "get",
      "whiteSpace" : false
    }, {
      "id" : "s1-t5",
      "begin" : 66,
      "end" : 73,
      "text" : "Bonuses",
      "whiteSpace" : false
    }, {
      "id" : "s1-t6",
      "begin" : 74,
      "end" : 77,
      "text" : "for",
      "whiteSpace" : false
    }, {
      "id" : "s1-t7",
      "begin" : 78,
      "end" : 90,
      "text" : "incompetence",
      "whiteSpace" : false
    } ]
  }, {
    "id" : "s2",
    "begin" : 93,
    "end" : 119,
    "text" : "TheEllenShow you worked‚Ä¶",
    "tokens" : [ {
      "id" : "s2-t0",
      "begin" : 93,
      "end" : 105,
      "text" : "TheEllenShow",
      "whiteSpace" : false
    }, {
      "id" : "s2-t1",
      "begin" : 106,
      "end" : 109,
      "text" : "you",
      "whiteSpace" : false
    }, {
      "id" : "s2-t2",
      "begin" : 110,
      "end" : 116,
      "text" : "worked",
      "whiteSpace" : false
    }, {
      "id" : "s2-t3",
      "begin" : 116,
      "end" : 117,
      "text" : "‚",
      "whiteSpace" : false
    }, {
      "id" : "s2-t4",
      "begin" : 117,
      "end" : 118,
      "text" : "Ä",
      "whiteSpace" : false
    }, {
      "id" : "s2-t5",
      "begin" : 118,
      "end" : 119,
      "text" : "¶",
      "whiteSpace" : false
    } ]
  } ],
  "mentions" : [ ],
  "relations" : [ ],
  "corefs" : [ ],
  "typeResolved" : true,
  "userResolved" : false
}