{
  "id" : "3b6f72e0-19b7-11e9-b91a-632a538f72de-35",
  "name" : "Doc 35",
  "createdDate" : 0,
  "version" : 3,
  "text" : "The victims taking courage to report SHW get intimidated at workplace by colleagues employer to discourage and denied basic right of justice.\nPOSH is not only need of hour but is demand of hour for womenempowerment  \nMahilaBol MinistryWCD \nMumbaiPolice CPMumbaiPolice",
  "docLength" : 0,
  "language" : "EN",
  "status" : "SUBMITTED",
  "modifiedDate" : 1547661532690,
  "documentSet" : [ ],
  "preannotation" : [ "PRE_LW" ],
  "sentences" : [ {
    "id" : "s0",
    "begin" : 0,
    "end" : 141,
    "text" : "The victims taking courage to report SHW get intimidated at workplace by colleagues employer to discourage and denied basic right of justice.",
    "tokens" : [ {
      "id" : "s0-t0",
      "begin" : 0,
      "end" : 3,
      "text" : "The",
      "whiteSpace" : false
    }, {
      "id" : "s0-t1",
      "begin" : 4,
      "end" : 11,
      "text" : "victims",
      "whiteSpace" : false
    }, {
      "id" : "s0-t2",
      "begin" : 12,
      "end" : 18,
      "text" : "taking",
      "whiteSpace" : false
    }, {
      "id" : "s0-t3",
      "begin" : 19,
      "end" : 26,
      "text" : "courage",
      "whiteSpace" : false
    }, {
      "id" : "s0-t4",
      "begin" : 27,
      "end" : 29,
      "text" : "to",
      "whiteSpace" : false
    }, {
      "id" : "s0-t5",
      "begin" : 30,
      "end" : 36,
      "text" : "report",
      "whiteSpace" : false
    }, {
      "id" : "s0-t6",
      "begin" : 37,
      "end" : 40,
      "text" : "SHW",
      "whiteSpace" : false
    }, {
      "id" : "s0-t7",
      "begin" : 41,
      "end" : 44,
      "text" : "get",
      "whiteSpace" : false
    }, {
      "id" : "s0-t8",
      "begin" : 45,
      "end" : 56,
      "text" : "intimidated",
      "whiteSpace" : false
    }, {
      "id" : "s0-t9",
      "begin" : 57,
      "end" : 59,
      "text" : "at",
      "whiteSpace" : false
    }, {
      "id" : "s0-t10",
      "begin" : 60,
      "end" : 69,
      "text" : "workplace",
      "whiteSpace" : false
    }, {
      "id" : "s0-t11",
      "begin" : 70,
      "end" : 72,
      "text" : "by",
      "whiteSpace" : false
    }, {
      "id" : "s0-t12",
      "begin" : 73,
      "end" : 83,
      "text" : "colleagues",
      "whiteSpace" : false
    }, {
      "id" : "s0-t13",
      "begin" : 84,
      "end" : 92,
      "text" : "employer",
      "whiteSpace" : false
    }, {
      "id" : "s0-t14",
      "begin" : 93,
      "end" : 95,
      "text" : "to",
      "whiteSpace" : false
    }, {
      "id" : "s0-t15",
      "begin" : 96,
      "end" : 106,
      "text" : "discourage",
      "whiteSpace" : false
    }, {
      "id" : "s0-t16",
      "begin" : 107,
      "end" : 110,
      "text" : "and",
      "whiteSpace" : false
    }, {
      "id" : "s0-t17",
      "begin" : 111,
      "end" : 117,
      "text" : "denied",
      "whiteSpace" : false
    }, {
      "id" : "s0-t18",
      "begin" : 118,
      "end" : 123,
      "text" : "basic",
      "whiteSpace" : false
    }, {
      "id" : "s0-t19",
      "begin" : 124,
      "end" : 129,
      "text" : "right",
      "whiteSpace" : false
    }, {
      "id" : "s0-t20",
      "begin" : 130,
      "end" : 132,
      "text" : "of",
      "whiteSpace" : false
    }, {
      "id" : "s0-t21",
      "begin" : 133,
      "end" : 140,
      "text" : "justice",
      "whiteSpace" : false
    }, {
      "id" : "s0-t22",
      "begin" : 140,
      "end" : 141,
      "text" : ".",
      "whiteSpace" : false
    } ]
  }, {
    "id" : "s1",
    "begin" : 142,
    "end" : 267,
    "text" : "POSH is not only need of hour but is demand of hour for womenempowerment  \nMahilaBol MinistryWCD \nMumbaiPolice CPMumbaiPolice",
    "tokens" : [ {
      "id" : "s1-t0",
      "begin" : 142,
      "end" : 146,
      "text" : "POSH",
      "whiteSpace" : false
    }, {
      "id" : "s1-t1",
      "begin" : 147,
      "end" : 149,
      "text" : "is",
      "whiteSpace" : false
    }, {
      "id" : "s1-t2",
      "begin" : 150,
      "end" : 153,
      "text" : "not",
      "whiteSpace" : false
    }, {
      "id" : "s1-t3",
      "begin" : 154,
      "end" : 158,
      "text" : "only",
      "whiteSpace" : false
    }, {
      "id" : "s1-t4",
      "begin" : 159,
      "end" : 163,
      "text" : "need",
      "whiteSpace" : false
    }, {
      "id" : "s1-t5",
      "begin" : 164,
      "end" : 166,
      "text" : "of",
      "whiteSpace" : false
    }, {
      "id" : "s1-t6",
      "begin" : 167,
      "end" : 171,
      "text" : "hour",
      "whiteSpace" : false
    }, {
      "id" : "s1-t7",
      "begin" : 172,
      "end" : 175,
      "text" : "but",
      "whiteSpace" : false
    }, {
      "id" : "s1-t8",
      "begin" : 176,
      "end" : 178,
      "text" : "is",
      "whiteSpace" : false
    }, {
      "id" : "s1-t9",
      "begin" : 179,
      "end" : 185,
      "text" : "demand",
      "whiteSpace" : false
    }, {
      "id" : "s1-t10",
      "begin" : 186,
      "end" : 188,
      "text" : "of",
      "whiteSpace" : false
    }, {
      "id" : "s1-t11",
      "begin" : 189,
      "end" : 193,
      "text" : "hour",
      "whiteSpace" : false
    }, {
      "id" : "s1-t12",
      "begin" : 194,
      "end" : 197,
      "text" : "for",
      "whiteSpace" : false
    }, {
      "id" : "s1-t13",
      "begin" : 198,
      "end" : 214,
      "text" : "womenempowerment",
      "whiteSpace" : false
    }, {
      "id" : "s1-t14",
      "begin" : 217,
      "end" : 226,
      "text" : "MahilaBol",
      "whiteSpace" : false
    }, {
      "id" : "s1-t15",
      "begin" : 227,
      "end" : 238,
      "text" : "MinistryWCD",
      "whiteSpace" : false
    }, {
      "id" : "s1-t16",
      "begin" : 240,
      "end" : 252,
      "text" : "MumbaiPolice",
      "whiteSpace" : false
    }, {
      "id" : "s1-t17",
      "begin" : 253,
      "end" : 267,
      "text" : "CPMumbaiPolice",
      "whiteSpace" : false
    } ]
  } ],
  "mentions" : [ ],
  "relations" : [ ],
  "corefs" : [ ],
  "typeResolved" : true,
  "userResolved" : false
}