{
  "id" : "3b6f72e0-19b7-11e9-b91a-632a538f72de-28",
  "name" : "Doc 28",
  "createdDate" : 0,
  "version" : 3,
  "text" : "72 hours HungerStrike at AxisBank zonal ofc from 17th December protesting unlawful labour practices. Salary less than minimum wage, unlawful termination orders by service providers of axis bank. Kolkata WorkersRights https://t.co/7BO2qB4iP5",
  "docLength" : 0,
  "language" : "EN",
  "status" : "SUBMITTED",
  "modifiedDate" : 1547661407980,
  "documentSet" : [ ],
  "preannotation" : [ "PRE_LW" ],
  "sentences" : [ {
    "id" : "s0",
    "begin" : 0,
    "end" : 100,
    "text" : "72 hours HungerStrike at AxisBank zonal ofc from 17th December protesting unlawful labour practices.",
    "tokens" : [ {
      "id" : "s0-t0",
      "begin" : 0,
      "end" : 2,
      "text" : "72",
      "whiteSpace" : false
    }, {
      "id" : "s0-t1",
      "begin" : 3,
      "end" : 8,
      "text" : "hours",
      "whiteSpace" : false
    }, {
      "id" : "s0-t2",
      "begin" : 9,
      "end" : 21,
      "text" : "HungerStrike",
      "whiteSpace" : false
    }, {
      "id" : "s0-t3",
      "begin" : 22,
      "end" : 24,
      "text" : "at",
      "whiteSpace" : false
    }, {
      "id" : "s0-t4",
      "begin" : 25,
      "end" : 33,
      "text" : "AxisBank",
      "whiteSpace" : false
    }, {
      "id" : "s0-t5",
      "begin" : 34,
      "end" : 39,
      "text" : "zonal",
      "whiteSpace" : false
    }, {
      "id" : "s0-t6",
      "begin" : 40,
      "end" : 43,
      "text" : "ofc",
      "whiteSpace" : false
    }, {
      "id" : "s0-t7",
      "begin" : 44,
      "end" : 48,
      "text" : "from",
      "whiteSpace" : false
    }, {
      "id" : "s0-t8",
      "begin" : 49,
      "end" : 53,
      "text" : "17th",
      "whiteSpace" : false
    }, {
      "id" : "s0-t9",
      "begin" : 54,
      "end" : 62,
      "text" : "December",
      "whiteSpace" : false
    }, {
      "id" : "s0-t10",
      "begin" : 63,
      "end" : 73,
      "text" : "protesting",
      "whiteSpace" : false
    }, {
      "id" : "s0-t11",
      "begin" : 74,
      "end" : 82,
      "text" : "unlawful",
      "whiteSpace" : false
    }, {
      "id" : "s0-t12",
      "begin" : 83,
      "end" : 89,
      "text" : "labour",
      "whiteSpace" : false
    }, {
      "id" : "s0-t13",
      "begin" : 90,
      "end" : 99,
      "text" : "practices",
      "whiteSpace" : false
    }, {
      "id" : "s0-t14",
      "begin" : 99,
      "end" : 100,
      "text" : ".",
      "whiteSpace" : false
    } ]
  }, {
    "id" : "s1",
    "begin" : 101,
    "end" : 194,
    "text" : "Salary less than minimum wage, unlawful termination orders by service providers of axis bank.",
    "tokens" : [ {
      "id" : "s1-t0",
      "begin" : 101,
      "end" : 107,
      "text" : "Salary",
      "whiteSpace" : false
    }, {
      "id" : "s1-t1",
      "begin" : 108,
      "end" : 112,
      "text" : "less",
      "whiteSpace" : false
    }, {
      "id" : "s1-t2",
      "begin" : 113,
      "end" : 117,
      "text" : "than",
      "whiteSpace" : false
    }, {
      "id" : "s1-t3",
      "begin" : 118,
      "end" : 125,
      "text" : "minimum",
      "whiteSpace" : false
    }, {
      "id" : "s1-t4",
      "begin" : 126,
      "end" : 130,
      "text" : "wage",
      "whiteSpace" : false
    }, {
      "id" : "s1-t5",
      "begin" : 130,
      "end" : 131,
      "text" : ",",
      "whiteSpace" : false
    }, {
      "id" : "s1-t6",
      "begin" : 132,
      "end" : 140,
      "text" : "unlawful",
      "whiteSpace" : false
    }, {
      "id" : "s1-t7",
      "begin" : 141,
      "end" : 152,
      "text" : "termination",
      "whiteSpace" : false
    }, {
      "id" : "s1-t8",
      "begin" : 153,
      "end" : 159,
      "text" : "orders",
      "whiteSpace" : false
    }, {
      "id" : "s1-t9",
      "begin" : 160,
      "end" : 162,
      "text" : "by",
      "whiteSpace" : false
    }, {
      "id" : "s1-t10",
      "begin" : 163,
      "end" : 170,
      "text" : "service",
      "whiteSpace" : false
    }, {
      "id" : "s1-t11",
      "begin" : 171,
      "end" : 180,
      "text" : "providers",
      "whiteSpace" : false
    }, {
      "id" : "s1-t12",
      "begin" : 181,
      "end" : 183,
      "text" : "of",
      "whiteSpace" : false
    }, {
      "id" : "s1-t13",
      "begin" : 184,
      "end" : 188,
      "text" : "axis",
      "whiteSpace" : false
    }, {
      "id" : "s1-t14",
      "begin" : 189,
      "end" : 193,
      "text" : "bank",
      "whiteSpace" : false
    }, {
      "id" : "s1-t15",
      "begin" : 193,
      "end" : 194,
      "text" : ".",
      "whiteSpace" : false
    } ]
  }, {
    "id" : "s2",
    "begin" : 195,
    "end" : 240,
    "text" : "Kolkata WorkersRights https://t.co/7BO2qB4iP5",
    "tokens" : [ {
      "id" : "s2-t0",
      "begin" : 195,
      "end" : 202,
      "text" : "Kolkata",
      "whiteSpace" : false
    }, {
      "id" : "s2-t1",
      "begin" : 203,
      "end" : 216,
      "text" : "WorkersRights",
      "whiteSpace" : false
    }, {
      "id" : "s2-t2",
      "begin" : 217,
      "end" : 240,
      "text" : "https://t.co/7BO2qB4iP5",
      "whiteSpace" : false
    } ]
  } ],
  "mentions" : [ {
    "id" : "s0-m0",
    "properties" : {
      "SIRE_ENTITY_SUBTYPE" : "NONE",
      "SIRE_MENTION_TYPE" : "NONE",
      "SIRE_MENTION_ROLE" : "hours",
      "SIRE_MENTION_CLASS" : "SPC"
    },
    "type" : "hours",
    "begin" : 3,
    "end" : 8,
    "inCoref" : false
  }, {
    "id" : "s0-m1",
    "properties" : {
      "SIRE_ENTITY_SUBTYPE" : "NONE",
      "SIRE_MENTION_TYPE" : "NONE",
      "SIRE_MENTION_ROLE" : "protest",
      "SIRE_MENTION_CLASS" : "SPC"
    },
    "type" : "protest",
    "begin" : 63,
    "end" : 73,
    "inCoref" : false
  }, {
    "id" : "s1-m0",
    "properties" : {
      "SIRE_ENTITY_SUBTYPE" : "NONE",
      "SIRE_MENTION_TYPE" : "NONE",
      "SIRE_MENTION_ROLE" : "salary",
      "SIRE_MENTION_CLASS" : "SPC"
    },
    "type" : "salary",
    "begin" : 101,
    "end" : 107,
    "inCoref" : false
  }, {
    "id" : "s1-m1",
    "properties" : {
      "SIRE_ENTITY_SUBTYPE" : "NONE",
      "SIRE_MENTION_TYPE" : "NONE",
      "SIRE_MENTION_ROLE" : "salary",
      "SIRE_MENTION_CLASS" : "SPC"
    },
    "type" : "salary",
    "begin" : 126,
    "end" : 130,
    "inCoref" : false
  } ],
  "relations" : [ ],
  "corefs" : [ ],
  "typeResolved" : true,
  "userResolved" : false
}