{
  "id" : "3b6f72e0-19b7-11e9-b91a-632a538f72de-5",
  "name" : "Doc 5",
  "createdDate" : 0,
  "version" : 3,
  "text" : "Security forces have carried out raids on workers‚Äô homes and arrested protesting Ahvaz steelworkers. First there were reports of 15 being arrested, then 28.\n\nworkersrights protests Khuzestan provinces strikes https://t.co/kksKZjhfIf",
  "docLength" : 0,
  "language" : "EN",
  "status" : "SUBMITTED",
  "modifiedDate" : 1547661771171,
  "documentSet" : [ ],
  "preannotation" : [ "PRE_LW" ],
  "sentences" : [ {
    "id" : "s0",
    "begin" : 0,
    "end" : 102,
    "text" : "Security forces have carried out raids on workers‚Äô homes and arrested protesting Ahvaz steelworkers.",
    "tokens" : [ {
      "id" : "s0-t0",
      "begin" : 0,
      "end" : 8,
      "text" : "Security",
      "whiteSpace" : false
    }, {
      "id" : "s0-t1",
      "begin" : 9,
      "end" : 15,
      "text" : "forces",
      "whiteSpace" : false
    }, {
      "id" : "s0-t2",
      "begin" : 16,
      "end" : 20,
      "text" : "have",
      "whiteSpace" : false
    }, {
      "id" : "s0-t3",
      "begin" : 21,
      "end" : 28,
      "text" : "carried",
      "whiteSpace" : false
    }, {
      "id" : "s0-t4",
      "begin" : 29,
      "end" : 32,
      "text" : "out",
      "whiteSpace" : false
    }, {
      "id" : "s0-t5",
      "begin" : 33,
      "end" : 38,
      "text" : "raids",
      "whiteSpace" : false
    }, {
      "id" : "s0-t6",
      "begin" : 39,
      "end" : 41,
      "text" : "on",
      "whiteSpace" : false
    }, {
      "id" : "s0-t7",
      "begin" : 42,
      "end" : 49,
      "text" : "workers",
      "whiteSpace" : false
    }, {
      "id" : "s0-t8",
      "begin" : 49,
      "end" : 50,
      "text" : "‚",
      "whiteSpace" : false
    }, {
      "id" : "s0-t9",
      "begin" : 50,
      "end" : 52,
      "text" : "Äô",
      "whiteSpace" : false
    }, {
      "id" : "s0-t10",
      "begin" : 53,
      "end" : 58,
      "text" : "homes",
      "whiteSpace" : false
    }, {
      "id" : "s0-t11",
      "begin" : 59,
      "end" : 62,
      "text" : "and",
      "whiteSpace" : false
    }, {
      "id" : "s0-t12",
      "begin" : 63,
      "end" : 71,
      "text" : "arrested",
      "whiteSpace" : false
    }, {
      "id" : "s0-t13",
      "begin" : 72,
      "end" : 82,
      "text" : "protesting",
      "whiteSpace" : false
    }, {
      "id" : "s0-t14",
      "begin" : 83,
      "end" : 88,
      "text" : "Ahvaz",
      "whiteSpace" : false
    }, {
      "id" : "s0-t15",
      "begin" : 89,
      "end" : 101,
      "text" : "steelworkers",
      "whiteSpace" : false
    }, {
      "id" : "s0-t16",
      "begin" : 101,
      "end" : 102,
      "text" : ".",
      "whiteSpace" : false
    } ]
  }, {
    "id" : "s1",
    "begin" : 103,
    "end" : 158,
    "text" : "First there were reports of 15 being arrested, then 28.",
    "tokens" : [ {
      "id" : "s1-t0",
      "begin" : 103,
      "end" : 108,
      "text" : "First",
      "whiteSpace" : false
    }, {
      "id" : "s1-t1",
      "begin" : 109,
      "end" : 114,
      "text" : "there",
      "whiteSpace" : false
    }, {
      "id" : "s1-t2",
      "begin" : 115,
      "end" : 119,
      "text" : "were",
      "whiteSpace" : false
    }, {
      "id" : "s1-t3",
      "begin" : 120,
      "end" : 127,
      "text" : "reports",
      "whiteSpace" : false
    }, {
      "id" : "s1-t4",
      "begin" : 128,
      "end" : 130,
      "text" : "of",
      "whiteSpace" : false
    }, {
      "id" : "s1-t5",
      "begin" : 131,
      "end" : 133,
      "text" : "15",
      "whiteSpace" : false
    }, {
      "id" : "s1-t6",
      "begin" : 134,
      "end" : 139,
      "text" : "being",
      "whiteSpace" : false
    }, {
      "id" : "s1-t7",
      "begin" : 140,
      "end" : 148,
      "text" : "arrested",
      "whiteSpace" : false
    }, {
      "id" : "s1-t8",
      "begin" : 148,
      "end" : 149,
      "text" : ",",
      "whiteSpace" : false
    }, {
      "id" : "s1-t9",
      "begin" : 150,
      "end" : 154,
      "text" : "then",
      "whiteSpace" : false
    }, {
      "id" : "s1-t10",
      "begin" : 155,
      "end" : 157,
      "text" : "28",
      "whiteSpace" : false
    }, {
      "id" : "s1-t11",
      "begin" : 157,
      "end" : 158,
      "text" : ".",
      "whiteSpace" : false
    } ]
  }, {
    "id" : "s2",
    "begin" : 160,
    "end" : 234,
    "text" : "workersrights protests Khuzestan provinces strikes https://t.co/kksKZjhfIf",
    "tokens" : [ {
      "id" : "s2-t0",
      "begin" : 160,
      "end" : 173,
      "text" : "workersrights",
      "whiteSpace" : false
    }, {
      "id" : "s2-t1",
      "begin" : 174,
      "end" : 182,
      "text" : "protests",
      "whiteSpace" : false
    }, {
      "id" : "s2-t2",
      "begin" : 183,
      "end" : 192,
      "text" : "Khuzestan",
      "whiteSpace" : false
    }, {
      "id" : "s2-t3",
      "begin" : 193,
      "end" : 202,
      "text" : "provinces",
      "whiteSpace" : false
    }, {
      "id" : "s2-t4",
      "begin" : 203,
      "end" : 210,
      "text" : "strikes",
      "whiteSpace" : false
    }, {
      "id" : "s2-t5",
      "begin" : 211,
      "end" : 234,
      "text" : "https://t.co/kksKZjhfIf",
      "whiteSpace" : false
    } ]
  } ],
  "mentions" : [ {
    "id" : "s0-m0",
    "properties" : {
      "SIRE_ENTITY_SUBTYPE" : "NONE",
      "SIRE_MENTION_TYPE" : "NONE",
      "SIRE_MENTION_ROLE" : "protest",
      "SIRE_MENTION_CLASS" : "SPC"
    },
    "type" : "protest",
    "begin" : 72,
    "end" : 82,
    "inCoref" : false
  }, {
    "id" : "s2-m0",
    "properties" : {
      "SIRE_ENTITY_SUBTYPE" : "NONE",
      "SIRE_MENTION_TYPE" : "NONE",
      "SIRE_MENTION_ROLE" : "protest",
      "SIRE_MENTION_CLASS" : "SPC"
    },
    "type" : "protest",
    "begin" : 174,
    "end" : 182,
    "inCoref" : false
  }, {
    "id" : "s2-m2",
    "properties" : {
      "SIRE_MENTION_ROLE" : "protest",
      "SIRE_ENTITY_SUBTYPE" : "NONE",
      "SIRE_MENTION_TYPE" : "NONE",
      "SIRE_MENTION_CLASS" : "SPC"
    },
    "type" : "protest",
    "begin" : 203,
    "end" : 210,
    "inCoref" : false
  } ],
  "relations" : [ ],
  "corefs" : [ ],
  "typeResolved" : true,
  "userResolved" : false
}