{
  "id" : "3b6f72e0-19b7-11e9-b91a-632a538f72de-39",
  "name" : "Doc 39",
  "createdDate" : 0,
  "version" : 3,
  "text" : "budapest_hungary budapestbynight please share this video , workers protesting in Budapest.\nworkersrights https://t.co/iGIXTXWwwf",
  "docLength" : 0,
  "language" : "EN",
  "status" : "SUBMITTED",
  "modifiedDate" : 1547661620231,
  "documentSet" : [ ],
  "preannotation" : [ "PRE_LW" ],
  "sentences" : [ {
    "id" : "s0",
    "begin" : 0,
    "end" : 90,
    "text" : "budapest_hungary budapestbynight please share this video , workers protesting in Budapest.",
    "tokens" : [ {
      "id" : "s0-t0",
      "begin" : 0,
      "end" : 16,
      "text" : "budapest_hungary",
      "whiteSpace" : false
    }, {
      "id" : "s0-t1",
      "begin" : 17,
      "end" : 32,
      "text" : "budapestbynight",
      "whiteSpace" : false
    }, {
      "id" : "s0-t2",
      "begin" : 33,
      "end" : 39,
      "text" : "please",
      "whiteSpace" : false
    }, {
      "id" : "s0-t3",
      "begin" : 40,
      "end" : 45,
      "text" : "share",
      "whiteSpace" : false
    }, {
      "id" : "s0-t4",
      "begin" : 46,
      "end" : 50,
      "text" : "this",
      "whiteSpace" : false
    }, {
      "id" : "s0-t5",
      "begin" : 51,
      "end" : 56,
      "text" : "video",
      "whiteSpace" : false
    }, {
      "id" : "s0-t6",
      "begin" : 57,
      "end" : 58,
      "text" : ",",
      "whiteSpace" : false
    }, {
      "id" : "s0-t7",
      "begin" : 59,
      "end" : 66,
      "text" : "workers",
      "whiteSpace" : false
    }, {
      "id" : "s0-t8",
      "begin" : 67,
      "end" : 77,
      "text" : "protesting",
      "whiteSpace" : false
    }, {
      "id" : "s0-t9",
      "begin" : 78,
      "end" : 80,
      "text" : "in",
      "whiteSpace" : false
    }, {
      "id" : "s0-t10",
      "begin" : 81,
      "end" : 89,
      "text" : "Budapest",
      "whiteSpace" : false
    }, {
      "id" : "s0-t11",
      "begin" : 89,
      "end" : 90,
      "text" : ".",
      "whiteSpace" : false
    } ]
  }, {
    "id" : "s1",
    "begin" : 91,
    "end" : 128,
    "text" : "workersrights https://t.co/iGIXTXWwwf",
    "tokens" : [ {
      "id" : "s1-t0",
      "begin" : 91,
      "end" : 104,
      "text" : "workersrights",
      "whiteSpace" : false
    }, {
      "id" : "s1-t1",
      "begin" : 105,
      "end" : 128,
      "text" : "https://t.co/iGIXTXWwwf",
      "whiteSpace" : false
    } ]
  } ],
  "mentions" : [ {
    "id" : "s0-m0",
    "properties" : {
      "SIRE_ENTITY_SUBTYPE" : "NONE",
      "SIRE_MENTION_TYPE" : "NONE",
      "SIRE_MENTION_ROLE" : "protest",
      "SIRE_MENTION_CLASS" : "SPC"
    },
    "type" : "protest",
    "begin" : 67,
    "end" : 77,
    "inCoref" : false
  } ],
  "relations" : [ ],
  "corefs" : [ ],
  "typeResolved" : true,
  "userResolved" : false
}