{
  "id" : "3b6f72e0-19b7-11e9-b91a-632a538f72de-50",
  "name" : "Doc 50",
  "createdDate" : 0,
  "version" : 3,
  "text" : "BashoreForOhio I support small business mainly because I recognize that they are mainly workers taking their future into their own hands, many times with an employee or two to help. But many people just don't want to be an owner.",
  "docLength" : 0,
  "language" : "EN",
  "status" : "SUBMITTED",
  "modifiedDate" : 1547661784467,
  "documentSet" : [ ],
  "preannotation" : [ "PRE_LW" ],
  "sentences" : [ {
    "id" : "s0",
    "begin" : 0,
    "end" : 181,
    "text" : "BashoreForOhio I support small business mainly because I recognize that they are mainly workers taking their future into their own hands, many times with an employee or two to help.",
    "tokens" : [ {
      "id" : "s0-t0",
      "begin" : 0,
      "end" : 14,
      "text" : "BashoreForOhio",
      "whiteSpace" : false
    }, {
      "id" : "s0-t1",
      "begin" : 15,
      "end" : 16,
      "text" : "I",
      "whiteSpace" : false
    }, {
      "id" : "s0-t2",
      "begin" : 17,
      "end" : 24,
      "text" : "support",
      "whiteSpace" : false
    }, {
      "id" : "s0-t3",
      "begin" : 25,
      "end" : 30,
      "text" : "small",
      "whiteSpace" : false
    }, {
      "id" : "s0-t4",
      "begin" : 31,
      "end" : 39,
      "text" : "business",
      "whiteSpace" : false
    }, {
      "id" : "s0-t5",
      "begin" : 40,
      "end" : 46,
      "text" : "mainly",
      "whiteSpace" : false
    }, {
      "id" : "s0-t6",
      "begin" : 47,
      "end" : 54,
      "text" : "because",
      "whiteSpace" : false
    }, {
      "id" : "s0-t7",
      "begin" : 55,
      "end" : 56,
      "text" : "I",
      "whiteSpace" : false
    }, {
      "id" : "s0-t8",
      "begin" : 57,
      "end" : 66,
      "text" : "recognize",
      "whiteSpace" : false
    }, {
      "id" : "s0-t9",
      "begin" : 67,
      "end" : 71,
      "text" : "that",
      "whiteSpace" : false
    }, {
      "id" : "s0-t10",
      "begin" : 72,
      "end" : 76,
      "text" : "they",
      "whiteSpace" : false
    }, {
      "id" : "s0-t11",
      "begin" : 77,
      "end" : 80,
      "text" : "are",
      "whiteSpace" : false
    }, {
      "id" : "s0-t12",
      "begin" : 81,
      "end" : 87,
      "text" : "mainly",
      "whiteSpace" : false
    }, {
      "id" : "s0-t13",
      "begin" : 88,
      "end" : 95,
      "text" : "workers",
      "whiteSpace" : false
    }, {
      "id" : "s0-t14",
      "begin" : 96,
      "end" : 102,
      "text" : "taking",
      "whiteSpace" : false
    }, {
      "id" : "s0-t15",
      "begin" : 103,
      "end" : 108,
      "text" : "their",
      "whiteSpace" : false
    }, {
      "id" : "s0-t16",
      "begin" : 109,
      "end" : 115,
      "text" : "future",
      "whiteSpace" : false
    }, {
      "id" : "s0-t17",
      "begin" : 116,
      "end" : 120,
      "text" : "into",
      "whiteSpace" : false
    }, {
      "id" : "s0-t18",
      "begin" : 121,
      "end" : 126,
      "text" : "their",
      "whiteSpace" : false
    }, {
      "id" : "s0-t19",
      "begin" : 127,
      "end" : 130,
      "text" : "own",
      "whiteSpace" : false
    }, {
      "id" : "s0-t20",
      "begin" : 131,
      "end" : 136,
      "text" : "hands",
      "whiteSpace" : false
    }, {
      "id" : "s0-t21",
      "begin" : 136,
      "end" : 137,
      "text" : ",",
      "whiteSpace" : false
    }, {
      "id" : "s0-t22",
      "begin" : 138,
      "end" : 142,
      "text" : "many",
      "whiteSpace" : false
    }, {
      "id" : "s0-t23",
      "begin" : 143,
      "end" : 148,
      "text" : "times",
      "whiteSpace" : false
    }, {
      "id" : "s0-t24",
      "begin" : 149,
      "end" : 153,
      "text" : "with",
      "whiteSpace" : false
    }, {
      "id" : "s0-t25",
      "begin" : 154,
      "end" : 156,
      "text" : "an",
      "whiteSpace" : false
    }, {
      "id" : "s0-t26",
      "begin" : 157,
      "end" : 165,
      "text" : "employee",
      "whiteSpace" : false
    }, {
      "id" : "s0-t27",
      "begin" : 166,
      "end" : 168,
      "text" : "or",
      "whiteSpace" : false
    }, {
      "id" : "s0-t28",
      "begin" : 169,
      "end" : 172,
      "text" : "two",
      "whiteSpace" : false
    }, {
      "id" : "s0-t29",
      "begin" : 173,
      "end" : 175,
      "text" : "to",
      "whiteSpace" : false
    }, {
      "id" : "s0-t30",
      "begin" : 176,
      "end" : 180,
      "text" : "help",
      "whiteSpace" : false
    }, {
      "id" : "s0-t31",
      "begin" : 180,
      "end" : 181,
      "text" : ".",
      "whiteSpace" : false
    } ]
  }, {
    "id" : "s1",
    "begin" : 182,
    "end" : 229,
    "text" : "But many people just don't want to be an owner.",
    "tokens" : [ {
      "id" : "s1-t0",
      "begin" : 182,
      "end" : 185,
      "text" : "But",
      "whiteSpace" : false
    }, {
      "id" : "s1-t1",
      "begin" : 186,
      "end" : 190,
      "text" : "many",
      "whiteSpace" : false
    }, {
      "id" : "s1-t2",
      "begin" : 191,
      "end" : 197,
      "text" : "people",
      "whiteSpace" : false
    }, {
      "id" : "s1-t3",
      "begin" : 198,
      "end" : 202,
      "text" : "just",
      "whiteSpace" : false
    }, {
      "id" : "s1-t4",
      "begin" : 203,
      "end" : 205,
      "text" : "do",
      "whiteSpace" : false
    }, {
      "id" : "s1-t5",
      "begin" : 205,
      "end" : 208,
      "text" : "n't",
      "whiteSpace" : false
    }, {
      "id" : "s1-t6",
      "begin" : 209,
      "end" : 213,
      "text" : "want",
      "whiteSpace" : false
    }, {
      "id" : "s1-t7",
      "begin" : 214,
      "end" : 216,
      "text" : "to",
      "whiteSpace" : false
    }, {
      "id" : "s1-t8",
      "begin" : 217,
      "end" : 219,
      "text" : "be",
      "whiteSpace" : false
    }, {
      "id" : "s1-t9",
      "begin" : 220,
      "end" : 222,
      "text" : "an",
      "whiteSpace" : false
    }, {
      "id" : "s1-t10",
      "begin" : 223,
      "end" : 228,
      "text" : "owner",
      "whiteSpace" : false
    }, {
      "id" : "s1-t11",
      "begin" : 228,
      "end" : 229,
      "text" : ".",
      "whiteSpace" : false
    } ]
  } ],
  "mentions" : [ ],
  "relations" : [ ],
  "corefs" : [ ],
  "typeResolved" : true,
  "userResolved" : false
}