{
  "id" : "3b6f72e0-19b7-11e9-b91a-632a538f72de-52",
  "name" : "Doc 52",
  "createdDate" : 0,
  "version" : 3,
  "text" : "A little-known protest‚Ä¶Thousands of protesters marching through Budapest for fourth day to oppose laws that Hungary promo‚Ä¶",
  "docLength" : 0,
  "language" : "EN",
  "status" : "SUBMITTED",
  "modifiedDate" : 1547661805013,
  "documentSet" : [ ],
  "preannotation" : [ "PRE_LW" ],
  "sentences" : [ {
    "id" : "s0",
    "begin" : 0,
    "end" : 126,
    "text" : "A little-known protest‚Ä¶Thousands of protesters marching through Budapest for fourth day to oppose laws that Hungary promo‚Ä¶",
    "tokens" : [ {
      "id" : "s0-t0",
      "begin" : 0,
      "end" : 1,
      "text" : "A",
      "whiteSpace" : false
    }, {
      "id" : "s0-t1",
      "begin" : 2,
      "end" : 14,
      "text" : "little-known",
      "whiteSpace" : false
    }, {
      "id" : "s0-t2",
      "begin" : 15,
      "end" : 22,
      "text" : "protest",
      "whiteSpace" : false
    }, {
      "id" : "s0-t3",
      "begin" : 22,
      "end" : 23,
      "text" : "‚",
      "whiteSpace" : false
    }, {
      "id" : "s0-t4",
      "begin" : 23,
      "end" : 24,
      "text" : "Ä",
      "whiteSpace" : false
    }, {
      "id" : "s0-t5",
      "begin" : 24,
      "end" : 25,
      "text" : "¶",
      "whiteSpace" : false
    }, {
      "id" : "s0-t6",
      "begin" : 25,
      "end" : 34,
      "text" : "Thousands",
      "whiteSpace" : false
    }, {
      "id" : "s0-t7",
      "begin" : 35,
      "end" : 37,
      "text" : "of",
      "whiteSpace" : false
    }, {
      "id" : "s0-t8",
      "begin" : 38,
      "end" : 48,
      "text" : "protesters",
      "whiteSpace" : false
    }, {
      "id" : "s0-t9",
      "begin" : 49,
      "end" : 57,
      "text" : "marching",
      "whiteSpace" : false
    }, {
      "id" : "s0-t10",
      "begin" : 58,
      "end" : 65,
      "text" : "through",
      "whiteSpace" : false
    }, {
      "id" : "s0-t11",
      "begin" : 66,
      "end" : 74,
      "text" : "Budapest",
      "whiteSpace" : false
    }, {
      "id" : "s0-t12",
      "begin" : 75,
      "end" : 78,
      "text" : "for",
      "whiteSpace" : false
    }, {
      "id" : "s0-t13",
      "begin" : 79,
      "end" : 85,
      "text" : "fourth",
      "whiteSpace" : false
    }, {
      "id" : "s0-t14",
      "begin" : 86,
      "end" : 89,
      "text" : "day",
      "whiteSpace" : false
    }, {
      "id" : "s0-t15",
      "begin" : 90,
      "end" : 92,
      "text" : "to",
      "whiteSpace" : false
    }, {
      "id" : "s0-t16",
      "begin" : 93,
      "end" : 99,
      "text" : "oppose",
      "whiteSpace" : false
    }, {
      "id" : "s0-t17",
      "begin" : 100,
      "end" : 104,
      "text" : "laws",
      "whiteSpace" : false
    }, {
      "id" : "s0-t18",
      "begin" : 105,
      "end" : 109,
      "text" : "that",
      "whiteSpace" : false
    }, {
      "id" : "s0-t19",
      "begin" : 110,
      "end" : 117,
      "text" : "Hungary",
      "whiteSpace" : false
    }, {
      "id" : "s0-t20",
      "begin" : 118,
      "end" : 123,
      "text" : "promo",
      "whiteSpace" : false
    }, {
      "id" : "s0-t21",
      "begin" : 123,
      "end" : 124,
      "text" : "‚",
      "whiteSpace" : false
    }, {
      "id" : "s0-t22",
      "begin" : 124,
      "end" : 125,
      "text" : "Ä",
      "whiteSpace" : false
    }, {
      "id" : "s0-t23",
      "begin" : 125,
      "end" : 126,
      "text" : "¶",
      "whiteSpace" : false
    } ]
  } ],
  "mentions" : [ {
    "id" : "s0-m0",
    "properties" : {
      "SIRE_ENTITY_SUBTYPE" : "NONE",
      "SIRE_MENTION_TYPE" : "NONE",
      "SIRE_MENTION_ROLE" : "protest",
      "SIRE_MENTION_CLASS" : "SPC"
    },
    "type" : "protest",
    "begin" : 15,
    "end" : 22,
    "inCoref" : false
  }, {
    "id" : "s0-m2",
    "properties" : {
      "SIRE_MENTION_ROLE" : "protest",
      "SIRE_ENTITY_SUBTYPE" : "NONE",
      "SIRE_MENTION_TYPE" : "NONE",
      "SIRE_MENTION_CLASS" : "SPC"
    },
    "type" : "protest",
    "begin" : 38,
    "end" : 48,
    "inCoref" : false
  } ],
  "relations" : [ ],
  "corefs" : [ ],
  "typeResolved" : true,
  "userResolved" : false
}