{
  "id" : "3b6f72e0-19b7-11e9-b91a-632a538f72de-26",
  "name" : "Doc 26",
  "createdDate" : 0,
  "version" : 3,
  "text" : "'Unless unions get the right to organise and bargain for workers in places like Uber and Amazon, too many working people will continue to be treated like disposable labour.' - V good from FrancesOGrady https://t.co/dsvQWydvQD The_TUC workersrights",
  "docLength" : 0,
  "language" : "EN",
  "status" : "SUBMITTED",
  "modifiedDate" : 1547661387426,
  "documentSet" : [ ],
  "preannotation" : [ "PRE_LW" ],
  "sentences" : [ {
    "id" : "s0",
    "begin" : 0,
    "end" : 172,
    "text" : "'Unless unions get the right to organise and bargain for workers in places like Uber and Amazon, too many working people will continue to be treated like disposable labour.",
    "tokens" : [ {
      "id" : "s0-t0",
      "begin" : 0,
      "end" : 1,
      "text" : "'",
      "whiteSpace" : false
    }, {
      "id" : "s0-t1",
      "begin" : 1,
      "end" : 7,
      "text" : "Unless",
      "whiteSpace" : false
    }, {
      "id" : "s0-t2",
      "begin" : 8,
      "end" : 14,
      "text" : "unions",
      "whiteSpace" : false
    }, {
      "id" : "s0-t3",
      "begin" : 15,
      "end" : 18,
      "text" : "get",
      "whiteSpace" : false
    }, {
      "id" : "s0-t4",
      "begin" : 19,
      "end" : 22,
      "text" : "the",
      "whiteSpace" : false
    }, {
      "id" : "s0-t5",
      "begin" : 23,
      "end" : 28,
      "text" : "right",
      "whiteSpace" : false
    }, {
      "id" : "s0-t6",
      "begin" : 29,
      "end" : 31,
      "text" : "to",
      "whiteSpace" : false
    }, {
      "id" : "s0-t7",
      "begin" : 32,
      "end" : 40,
      "text" : "organise",
      "whiteSpace" : false
    }, {
      "id" : "s0-t8",
      "begin" : 41,
      "end" : 44,
      "text" : "and",
      "whiteSpace" : false
    }, {
      "id" : "s0-t9",
      "begin" : 45,
      "end" : 52,
      "text" : "bargain",
      "whiteSpace" : false
    }, {
      "id" : "s0-t10",
      "begin" : 53,
      "end" : 56,
      "text" : "for",
      "whiteSpace" : false
    }, {
      "id" : "s0-t11",
      "begin" : 57,
      "end" : 64,
      "text" : "workers",
      "whiteSpace" : false
    }, {
      "id" : "s0-t12",
      "begin" : 65,
      "end" : 67,
      "text" : "in",
      "whiteSpace" : false
    }, {
      "id" : "s0-t13",
      "begin" : 68,
      "end" : 74,
      "text" : "places",
      "whiteSpace" : false
    }, {
      "id" : "s0-t14",
      "begin" : 75,
      "end" : 79,
      "text" : "like",
      "whiteSpace" : false
    }, {
      "id" : "s0-t15",
      "begin" : 80,
      "end" : 84,
      "text" : "Uber",
      "whiteSpace" : false
    }, {
      "id" : "s0-t16",
      "begin" : 85,
      "end" : 88,
      "text" : "and",
      "whiteSpace" : false
    }, {
      "id" : "s0-t17",
      "begin" : 89,
      "end" : 95,
      "text" : "Amazon",
      "whiteSpace" : false
    }, {
      "id" : "s0-t18",
      "begin" : 95,
      "end" : 96,
      "text" : ",",
      "whiteSpace" : false
    }, {
      "id" : "s0-t19",
      "begin" : 97,
      "end" : 100,
      "text" : "too",
      "whiteSpace" : false
    }, {
      "id" : "s0-t20",
      "begin" : 101,
      "end" : 105,
      "text" : "many",
      "whiteSpace" : false
    }, {
      "id" : "s0-t21",
      "begin" : 106,
      "end" : 113,
      "text" : "working",
      "whiteSpace" : false
    }, {
      "id" : "s0-t22",
      "begin" : 114,
      "end" : 120,
      "text" : "people",
      "whiteSpace" : false
    }, {
      "id" : "s0-t23",
      "begin" : 121,
      "end" : 125,
      "text" : "will",
      "whiteSpace" : false
    }, {
      "id" : "s0-t24",
      "begin" : 126,
      "end" : 134,
      "text" : "continue",
      "whiteSpace" : false
    }, {
      "id" : "s0-t25",
      "begin" : 135,
      "end" : 137,
      "text" : "to",
      "whiteSpace" : false
    }, {
      "id" : "s0-t26",
      "begin" : 138,
      "end" : 140,
      "text" : "be",
      "whiteSpace" : false
    }, {
      "id" : "s0-t27",
      "begin" : 141,
      "end" : 148,
      "text" : "treated",
      "whiteSpace" : false
    }, {
      "id" : "s0-t28",
      "begin" : 149,
      "end" : 153,
      "text" : "like",
      "whiteSpace" : false
    }, {
      "id" : "s0-t29",
      "begin" : 154,
      "end" : 164,
      "text" : "disposable",
      "whiteSpace" : false
    }, {
      "id" : "s0-t30",
      "begin" : 165,
      "end" : 171,
      "text" : "labour",
      "whiteSpace" : false
    }, {
      "id" : "s0-t31",
      "begin" : 171,
      "end" : 172,
      "text" : ".",
      "whiteSpace" : false
    } ]
  }, {
    "id" : "s1",
    "begin" : 172,
    "end" : 247,
    "text" : "' - V good from FrancesOGrady https://t.co/dsvQWydvQD The_TUC workersrights",
    "tokens" : [ {
      "id" : "s1-t0",
      "begin" : 172,
      "end" : 173,
      "text" : "'",
      "whiteSpace" : false
    }, {
      "id" : "s1-t1",
      "begin" : 174,
      "end" : 175,
      "text" : "-",
      "whiteSpace" : false
    }, {
      "id" : "s1-t2",
      "begin" : 176,
      "end" : 177,
      "text" : "V",
      "whiteSpace" : false
    }, {
      "id" : "s1-t3",
      "begin" : 178,
      "end" : 182,
      "text" : "good",
      "whiteSpace" : false
    }, {
      "id" : "s1-t4",
      "begin" : 183,
      "end" : 187,
      "text" : "from",
      "whiteSpace" : false
    }, {
      "id" : "s1-t5",
      "begin" : 188,
      "end" : 201,
      "text" : "FrancesOGrady",
      "whiteSpace" : false
    }, {
      "id" : "s1-t6",
      "begin" : 202,
      "end" : 225,
      "text" : "https://t.co/dsvQWydvQD",
      "whiteSpace" : false
    }, {
      "id" : "s1-t7",
      "begin" : 226,
      "end" : 233,
      "text" : "The_TUC",
      "whiteSpace" : false
    }, {
      "id" : "s1-t8",
      "begin" : 234,
      "end" : 247,
      "text" : "workersrights",
      "whiteSpace" : false
    } ]
  } ],
  "mentions" : [ {
    "id" : "s0-m0",
    "properties" : {
      "SIRE_ENTITY_SUBTYPE" : "NONE",
      "SIRE_MENTION_TYPE" : "NONE",
      "SIRE_MENTION_ROLE" : "union",
      "SIRE_MENTION_CLASS" : "SPC"
    },
    "type" : "union",
    "begin" : 8,
    "end" : 14,
    "inCoref" : false
  } ],
  "relations" : [ ],
  "corefs" : [ ],
  "typeResolved" : true,
  "userResolved" : false
}