{
  "id" : "3b6f72e0-19b7-11e9-b91a-632a538f72de-3",
  "name" : "Doc 3",
  "createdDate" : 0,
  "version" : 3,
  "text" : "A little-known protest‚Ä¶Thousands of protesters marching through Budapest for fourth day to oppose laws that Hungary promotes that will restrict workersrights and undermining democracy. https://t.co/4N5T7db4Zb",
  "docLength" : 0,
  "language" : "EN",
  "status" : "SUBMITTED",
  "modifiedDate" : 1547661436326,
  "documentSet" : [ ],
  "preannotation" : [ "PRE_LW" ],
  "sentences" : [ {
    "id" : "s0",
    "begin" : 0,
    "end" : 186,
    "text" : "A little-known protest‚Ä¶Thousands of protesters marching through Budapest for fourth day to oppose laws that Hungary promotes that will restrict workersrights and undermining democracy.",
    "tokens" : [ {
      "id" : "s0-t0",
      "begin" : 0,
      "end" : 1,
      "text" : "A",
      "whiteSpace" : false
    }, {
      "id" : "s0-t1",
      "begin" : 2,
      "end" : 14,
      "text" : "little-known",
      "whiteSpace" : false
    }, {
      "id" : "s0-t2",
      "begin" : 15,
      "end" : 22,
      "text" : "protest",
      "whiteSpace" : false
    }, {
      "id" : "s0-t3",
      "begin" : 22,
      "end" : 23,
      "text" : "‚",
      "whiteSpace" : false
    }, {
      "id" : "s0-t4",
      "begin" : 23,
      "end" : 24,
      "text" : "Ä",
      "whiteSpace" : false
    }, {
      "id" : "s0-t5",
      "begin" : 24,
      "end" : 25,
      "text" : "¶",
      "whiteSpace" : false
    }, {
      "id" : "s0-t6",
      "begin" : 25,
      "end" : 34,
      "text" : "Thousands",
      "whiteSpace" : false
    }, {
      "id" : "s0-t7",
      "begin" : 35,
      "end" : 37,
      "text" : "of",
      "whiteSpace" : false
    }, {
      "id" : "s0-t8",
      "begin" : 38,
      "end" : 48,
      "text" : "protesters",
      "whiteSpace" : false
    }, {
      "id" : "s0-t9",
      "begin" : 49,
      "end" : 57,
      "text" : "marching",
      "whiteSpace" : false
    }, {
      "id" : "s0-t10",
      "begin" : 58,
      "end" : 65,
      "text" : "through",
      "whiteSpace" : false
    }, {
      "id" : "s0-t11",
      "begin" : 66,
      "end" : 74,
      "text" : "Budapest",
      "whiteSpace" : false
    }, {
      "id" : "s0-t12",
      "begin" : 75,
      "end" : 78,
      "text" : "for",
      "whiteSpace" : false
    }, {
      "id" : "s0-t13",
      "begin" : 79,
      "end" : 85,
      "text" : "fourth",
      "whiteSpace" : false
    }, {
      "id" : "s0-t14",
      "begin" : 86,
      "end" : 89,
      "text" : "day",
      "whiteSpace" : false
    }, {
      "id" : "s0-t15",
      "begin" : 90,
      "end" : 92,
      "text" : "to",
      "whiteSpace" : false
    }, {
      "id" : "s0-t16",
      "begin" : 93,
      "end" : 99,
      "text" : "oppose",
      "whiteSpace" : false
    }, {
      "id" : "s0-t17",
      "begin" : 100,
      "end" : 104,
      "text" : "laws",
      "whiteSpace" : false
    }, {
      "id" : "s0-t18",
      "begin" : 105,
      "end" : 109,
      "text" : "that",
      "whiteSpace" : false
    }, {
      "id" : "s0-t19",
      "begin" : 110,
      "end" : 117,
      "text" : "Hungary",
      "whiteSpace" : false
    }, {
      "id" : "s0-t20",
      "begin" : 118,
      "end" : 126,
      "text" : "promotes",
      "whiteSpace" : false
    }, {
      "id" : "s0-t21",
      "begin" : 127,
      "end" : 131,
      "text" : "that",
      "whiteSpace" : false
    }, {
      "id" : "s0-t22",
      "begin" : 132,
      "end" : 136,
      "text" : "will",
      "whiteSpace" : false
    }, {
      "id" : "s0-t23",
      "begin" : 137,
      "end" : 145,
      "text" : "restrict",
      "whiteSpace" : false
    }, {
      "id" : "s0-t24",
      "begin" : 146,
      "end" : 159,
      "text" : "workersrights",
      "whiteSpace" : false
    }, {
      "id" : "s0-t25",
      "begin" : 160,
      "end" : 163,
      "text" : "and",
      "whiteSpace" : false
    }, {
      "id" : "s0-t26",
      "begin" : 164,
      "end" : 175,
      "text" : "undermining",
      "whiteSpace" : false
    }, {
      "id" : "s0-t27",
      "begin" : 176,
      "end" : 185,
      "text" : "democracy",
      "whiteSpace" : false
    }, {
      "id" : "s0-t28",
      "begin" : 185,
      "end" : 186,
      "text" : ".",
      "whiteSpace" : false
    } ]
  }, {
    "id" : "s1",
    "begin" : 187,
    "end" : 210,
    "text" : "https://t.co/4N5T7db4Zb",
    "tokens" : [ {
      "id" : "s1-t0",
      "begin" : 187,
      "end" : 210,
      "text" : "https://t.co/4N5T7db4Zb",
      "whiteSpace" : false
    } ]
  } ],
  "mentions" : [ {
    "id" : "s0-m0",
    "properties" : {
      "SIRE_ENTITY_SUBTYPE" : "NONE",
      "SIRE_MENTION_TYPE" : "NONE",
      "SIRE_MENTION_ROLE" : "protest",
      "SIRE_MENTION_CLASS" : "SPC"
    },
    "type" : "protest",
    "begin" : 15,
    "end" : 22,
    "inCoref" : false
  }, {
    "id" : "s0-m2",
    "properties" : {
      "SIRE_MENTION_ROLE" : "protest",
      "SIRE_ENTITY_SUBTYPE" : "NONE",
      "SIRE_MENTION_TYPE" : "NONE",
      "SIRE_MENTION_CLASS" : "SPC"
    },
    "type" : "protest",
    "begin" : 38,
    "end" : 48,
    "inCoref" : false
  } ],
  "relations" : [ ],
  "corefs" : [ ],
  "typeResolved" : true,
  "userResolved" : false
}