{
  "id" : "3b6f72e0-19b7-11e9-b91a-632a538f72de-7",
  "name" : "Doc 7",
  "createdDate" : 0,
  "version" : 3,
  "text" : "ATFulemin \"other people did worse things!\" as if the question was ever about the Triangle factory being uniquely terrible as a workplace, and not the horrifying, public deaths of 146 people, it's just so unfair to the owners that it was *their* death trap that happened to catch on fire",
  "docLength" : 0,
  "language" : "EN",
  "status" : "SUBMITTED",
  "modifiedDate" : 1547661891771,
  "documentSet" : [ ],
  "preannotation" : [ "PRE_LW" ],
  "sentences" : [ {
    "id" : "s0",
    "begin" : 0,
    "end" : 41,
    "text" : "ATFulemin \"other people did worse things!",
    "tokens" : [ {
      "id" : "s0-t0",
      "begin" : 0,
      "end" : 9,
      "text" : "ATFulemin",
      "whiteSpace" : false
    }, {
      "id" : "s0-t1",
      "begin" : 10,
      "end" : 11,
      "text" : "\"",
      "whiteSpace" : false
    }, {
      "id" : "s0-t2",
      "begin" : 11,
      "end" : 16,
      "text" : "other",
      "whiteSpace" : false
    }, {
      "id" : "s0-t3",
      "begin" : 17,
      "end" : 23,
      "text" : "people",
      "whiteSpace" : false
    }, {
      "id" : "s0-t4",
      "begin" : 24,
      "end" : 27,
      "text" : "did",
      "whiteSpace" : false
    }, {
      "id" : "s0-t5",
      "begin" : 28,
      "end" : 33,
      "text" : "worse",
      "whiteSpace" : false
    }, {
      "id" : "s0-t6",
      "begin" : 34,
      "end" : 40,
      "text" : "things",
      "whiteSpace" : false
    }, {
      "id" : "s0-t7",
      "begin" : 40,
      "end" : 41,
      "text" : "!",
      "whiteSpace" : false
    } ]
  }, {
    "id" : "s1",
    "begin" : 41,
    "end" : 286,
    "text" : "\" as if the question was ever about the Triangle factory being uniquely terrible as a workplace, and not the horrifying, public deaths of 146 people, it's just so unfair to the owners that it was *their* death trap that happened to catch on fire",
    "tokens" : [ {
      "id" : "s1-t0",
      "begin" : 41,
      "end" : 42,
      "text" : "\"",
      "whiteSpace" : false
    }, {
      "id" : "s1-t1",
      "begin" : 43,
      "end" : 45,
      "text" : "as",
      "whiteSpace" : false
    }, {
      "id" : "s1-t2",
      "begin" : 46,
      "end" : 48,
      "text" : "if",
      "whiteSpace" : false
    }, {
      "id" : "s1-t3",
      "begin" : 49,
      "end" : 52,
      "text" : "the",
      "whiteSpace" : false
    }, {
      "id" : "s1-t4",
      "begin" : 53,
      "end" : 61,
      "text" : "question",
      "whiteSpace" : false
    }, {
      "id" : "s1-t5",
      "begin" : 62,
      "end" : 65,
      "text" : "was",
      "whiteSpace" : false
    }, {
      "id" : "s1-t6",
      "begin" : 66,
      "end" : 70,
      "text" : "ever",
      "whiteSpace" : false
    }, {
      "id" : "s1-t7",
      "begin" : 71,
      "end" : 76,
      "text" : "about",
      "whiteSpace" : false
    }, {
      "id" : "s1-t8",
      "begin" : 77,
      "end" : 80,
      "text" : "the",
      "whiteSpace" : false
    }, {
      "id" : "s1-t9",
      "begin" : 81,
      "end" : 89,
      "text" : "Triangle",
      "whiteSpace" : false
    }, {
      "id" : "s1-t10",
      "begin" : 90,
      "end" : 97,
      "text" : "factory",
      "whiteSpace" : false
    }, {
      "id" : "s1-t11",
      "begin" : 98,
      "end" : 103,
      "text" : "being",
      "whiteSpace" : false
    }, {
      "id" : "s1-t12",
      "begin" : 104,
      "end" : 112,
      "text" : "uniquely",
      "whiteSpace" : false
    }, {
      "id" : "s1-t13",
      "begin" : 113,
      "end" : 121,
      "text" : "terrible",
      "whiteSpace" : false
    }, {
      "id" : "s1-t14",
      "begin" : 122,
      "end" : 124,
      "text" : "as",
      "whiteSpace" : false
    }, {
      "id" : "s1-t15",
      "begin" : 125,
      "end" : 126,
      "text" : "a",
      "whiteSpace" : false
    }, {
      "id" : "s1-t16",
      "begin" : 127,
      "end" : 136,
      "text" : "workplace",
      "whiteSpace" : false
    }, {
      "id" : "s1-t17",
      "begin" : 136,
      "end" : 137,
      "text" : ",",
      "whiteSpace" : false
    }, {
      "id" : "s1-t18",
      "begin" : 138,
      "end" : 141,
      "text" : "and",
      "whiteSpace" : false
    }, {
      "id" : "s1-t19",
      "begin" : 142,
      "end" : 145,
      "text" : "not",
      "whiteSpace" : false
    }, {
      "id" : "s1-t20",
      "begin" : 146,
      "end" : 149,
      "text" : "the",
      "whiteSpace" : false
    }, {
      "id" : "s1-t21",
      "begin" : 150,
      "end" : 160,
      "text" : "horrifying",
      "whiteSpace" : false
    }, {
      "id" : "s1-t22",
      "begin" : 160,
      "end" : 161,
      "text" : ",",
      "whiteSpace" : false
    }, {
      "id" : "s1-t23",
      "begin" : 162,
      "end" : 168,
      "text" : "public",
      "whiteSpace" : false
    }, {
      "id" : "s1-t24",
      "begin" : 169,
      "end" : 175,
      "text" : "deaths",
      "whiteSpace" : false
    }, {
      "id" : "s1-t25",
      "begin" : 176,
      "end" : 178,
      "text" : "of",
      "whiteSpace" : false
    }, {
      "id" : "s1-t26",
      "begin" : 179,
      "end" : 182,
      "text" : "146",
      "whiteSpace" : false
    }, {
      "id" : "s1-t27",
      "begin" : 183,
      "end" : 189,
      "text" : "people",
      "whiteSpace" : false
    }, {
      "id" : "s1-t28",
      "begin" : 189,
      "end" : 190,
      "text" : ",",
      "whiteSpace" : false
    }, {
      "id" : "s1-t29",
      "begin" : 191,
      "end" : 193,
      "text" : "it",
      "whiteSpace" : false
    }, {
      "id" : "s1-t30",
      "begin" : 193,
      "end" : 195,
      "text" : "'s",
      "whiteSpace" : false
    }, {
      "id" : "s1-t31",
      "begin" : 196,
      "end" : 200,
      "text" : "just",
      "whiteSpace" : false
    }, {
      "id" : "s1-t32",
      "begin" : 201,
      "end" : 203,
      "text" : "so",
      "whiteSpace" : false
    }, {
      "id" : "s1-t33",
      "begin" : 204,
      "end" : 210,
      "text" : "unfair",
      "whiteSpace" : false
    }, {
      "id" : "s1-t34",
      "begin" : 211,
      "end" : 213,
      "text" : "to",
      "whiteSpace" : false
    }, {
      "id" : "s1-t35",
      "begin" : 214,
      "end" : 217,
      "text" : "the",
      "whiteSpace" : false
    }, {
      "id" : "s1-t36",
      "begin" : 218,
      "end" : 224,
      "text" : "owners",
      "whiteSpace" : false
    }, {
      "id" : "s1-t37",
      "begin" : 225,
      "end" : 229,
      "text" : "that",
      "whiteSpace" : false
    }, {
      "id" : "s1-t38",
      "begin" : 230,
      "end" : 232,
      "text" : "it",
      "whiteSpace" : false
    }, {
      "id" : "s1-t39",
      "begin" : 233,
      "end" : 236,
      "text" : "was",
      "whiteSpace" : false
    }, {
      "id" : "s1-t40",
      "begin" : 237,
      "end" : 238,
      "text" : "*",
      "whiteSpace" : false
    }, {
      "id" : "s1-t41",
      "begin" : 238,
      "end" : 243,
      "text" : "their",
      "whiteSpace" : false
    }, {
      "id" : "s1-t42",
      "begin" : 243,
      "end" : 244,
      "text" : "*",
      "whiteSpace" : false
    }, {
      "id" : "s1-t43",
      "begin" : 245,
      "end" : 250,
      "text" : "death",
      "whiteSpace" : false
    }, {
      "id" : "s1-t44",
      "begin" : 251,
      "end" : 255,
      "text" : "trap",
      "whiteSpace" : false
    }, {
      "id" : "s1-t45",
      "begin" : 256,
      "end" : 260,
      "text" : "that",
      "whiteSpace" : false
    }, {
      "id" : "s1-t46",
      "begin" : 261,
      "end" : 269,
      "text" : "happened",
      "whiteSpace" : false
    }, {
      "id" : "s1-t47",
      "begin" : 270,
      "end" : 272,
      "text" : "to",
      "whiteSpace" : false
    }, {
      "id" : "s1-t48",
      "begin" : 273,
      "end" : 278,
      "text" : "catch",
      "whiteSpace" : false
    }, {
      "id" : "s1-t49",
      "begin" : 279,
      "end" : 281,
      "text" : "on",
      "whiteSpace" : false
    }, {
      "id" : "s1-t50",
      "begin" : 282,
      "end" : 286,
      "text" : "fire",
      "whiteSpace" : false
    } ]
  } ],
  "mentions" : [ {
    "id" : "s1-m3",
    "properties" : {
      "SIRE_MENTION_ROLE" : "crime",
      "SIRE_ENTITY_SUBTYPE" : "NONE",
      "SIRE_MENTION_TYPE" : "NONE",
      "SIRE_MENTION_CLASS" : "SPC"
    },
    "type" : "crime",
    "begin" : 169,
    "end" : 175,
    "inCoref" : false
  }, {
    "id" : "s1-m0",
    "properties" : {
      "SIRE_ENTITY_SUBTYPE" : "NONE",
      "SIRE_MENTION_TYPE" : "NONE",
      "SIRE_MENTION_ROLE" : "crime",
      "SIRE_MENTION_CLASS" : "SPC"
    },
    "type" : "crime",
    "begin" : 245,
    "end" : 250,
    "inCoref" : false
  }, {
    "id" : "s1-m1",
    "properties" : {
      "SIRE_ENTITY_SUBTYPE" : "NONE",
      "SIRE_MENTION_TYPE" : "NONE",
      "SIRE_MENTION_ROLE" : "accident",
      "SIRE_MENTION_CLASS" : "SPC"
    },
    "type" : "accident",
    "begin" : 282,
    "end" : 286,
    "inCoref" : false
  } ],
  "relations" : [ ],
  "corefs" : [ ],
  "typeResolved" : true,
  "userResolved" : false
}