{
  "id" : "3b6f72e0-19b7-11e9-b91a-632a538f72de-19",
  "name" : "Doc 19",
  "createdDate" : 0,
  "version" : 3,
  "text" : "Iranian Steel Group workers chanting:\n\nOur country is full of thieves, setting an example for the world\n\nIran US USA‚Ä¶",
  "docLength" : 0,
  "language" : "EN",
  "status" : "SUBMITTED",
  "modifiedDate" : 1547661278049,
  "documentSet" : [ ],
  "preannotation" : [ "PRE_LW" ],
  "sentences" : [ {
    "id" : "s0",
    "begin" : 0,
    "end" : 37,
    "text" : "Iranian Steel Group workers chanting:",
    "tokens" : [ {
      "id" : "s0-t0",
      "begin" : 0,
      "end" : 7,
      "text" : "Iranian",
      "whiteSpace" : false
    }, {
      "id" : "s0-t1",
      "begin" : 8,
      "end" : 13,
      "text" : "Steel",
      "whiteSpace" : false
    }, {
      "id" : "s0-t2",
      "begin" : 14,
      "end" : 19,
      "text" : "Group",
      "whiteSpace" : false
    }, {
      "id" : "s0-t3",
      "begin" : 20,
      "end" : 27,
      "text" : "workers",
      "whiteSpace" : false
    }, {
      "id" : "s0-t4",
      "begin" : 28,
      "end" : 36,
      "text" : "chanting",
      "whiteSpace" : false
    }, {
      "id" : "s0-t5",
      "begin" : 36,
      "end" : 37,
      "text" : ":",
      "whiteSpace" : false
    } ]
  }, {
    "id" : "s1",
    "begin" : 39,
    "end" : 103,
    "text" : "Our country is full of thieves, setting an example for the world",
    "tokens" : [ {
      "id" : "s1-t0",
      "begin" : 39,
      "end" : 42,
      "text" : "Our",
      "whiteSpace" : false
    }, {
      "id" : "s1-t1",
      "begin" : 43,
      "end" : 50,
      "text" : "country",
      "whiteSpace" : false
    }, {
      "id" : "s1-t2",
      "begin" : 51,
      "end" : 53,
      "text" : "is",
      "whiteSpace" : false
    }, {
      "id" : "s1-t3",
      "begin" : 54,
      "end" : 58,
      "text" : "full",
      "whiteSpace" : false
    }, {
      "id" : "s1-t4",
      "begin" : 59,
      "end" : 61,
      "text" : "of",
      "whiteSpace" : false
    }, {
      "id" : "s1-t5",
      "begin" : 62,
      "end" : 69,
      "text" : "thieves",
      "whiteSpace" : false
    }, {
      "id" : "s1-t6",
      "begin" : 69,
      "end" : 70,
      "text" : ",",
      "whiteSpace" : false
    }, {
      "id" : "s1-t7",
      "begin" : 71,
      "end" : 78,
      "text" : "setting",
      "whiteSpace" : false
    }, {
      "id" : "s1-t8",
      "begin" : 79,
      "end" : 81,
      "text" : "an",
      "whiteSpace" : false
    }, {
      "id" : "s1-t9",
      "begin" : 82,
      "end" : 89,
      "text" : "example",
      "whiteSpace" : false
    }, {
      "id" : "s1-t10",
      "begin" : 90,
      "end" : 93,
      "text" : "for",
      "whiteSpace" : false
    }, {
      "id" : "s1-t11",
      "begin" : 94,
      "end" : 97,
      "text" : "the",
      "whiteSpace" : false
    }, {
      "id" : "s1-t12",
      "begin" : 98,
      "end" : 103,
      "text" : "world",
      "whiteSpace" : false
    } ]
  }, {
    "id" : "s2",
    "begin" : 105,
    "end" : 119,
    "text" : "Iran US USA‚Ä¶",
    "tokens" : [ {
      "id" : "s2-t0",
      "begin" : 105,
      "end" : 109,
      "text" : "Iran",
      "whiteSpace" : false
    }, {
      "id" : "s2-t1",
      "begin" : 110,
      "end" : 112,
      "text" : "US",
      "whiteSpace" : false
    }, {
      "id" : "s2-t2",
      "begin" : 113,
      "end" : 116,
      "text" : "USA",
      "whiteSpace" : false
    }, {
      "id" : "s2-t3",
      "begin" : 116,
      "end" : 117,
      "text" : "‚",
      "whiteSpace" : false
    }, {
      "id" : "s2-t4",
      "begin" : 117,
      "end" : 118,
      "text" : "Ä",
      "whiteSpace" : false
    }, {
      "id" : "s2-t5",
      "begin" : 118,
      "end" : 119,
      "text" : "¶",
      "whiteSpace" : false
    } ]
  } ],
  "mentions" : [ {
    "id" : "s0-m1",
    "properties" : {
      "SIRE_MENTION_ROLE" : "protest",
      "SIRE_ENTITY_SUBTYPE" : "NONE",
      "SIRE_MENTION_TYPE" : "NONE",
      "SIRE_MENTION_CLASS" : "SPC"
    },
    "type" : "protest",
    "begin" : 28,
    "end" : 36,
    "inCoref" : false
  } ],
  "relations" : [ ],
  "corefs" : [ ],
  "typeResolved" : true,
  "userResolved" : false
}