{
  "id" : "3b6f72e0-19b7-11e9-b91a-632a538f72de-37",
  "name" : "Doc 37",
  "createdDate" : 0,
  "version" : 3,
  "text" : "Major General Asif Ghafoor Sahib should be told why we can not take Kashmir from the drinking water of the cowboy. We are afraid that Muslims will end up till the end of our lives. My heart feels why the employer is a Muslim why why not die",
  "docLength" : 0,
  "language" : "EN",
  "status" : "SUBMITTED",
  "modifiedDate" : 1547661556708,
  "documentSet" : [ ],
  "preannotation" : [ "PRE_LW" ],
  "sentences" : [ {
    "id" : "s0",
    "begin" : 0,
    "end" : 114,
    "text" : "Major General Asif Ghafoor Sahib should be told why we can not take Kashmir from the drinking water of the cowboy.",
    "tokens" : [ {
      "id" : "s0-t0",
      "begin" : 0,
      "end" : 5,
      "text" : "Major",
      "whiteSpace" : false
    }, {
      "id" : "s0-t1",
      "begin" : 6,
      "end" : 13,
      "text" : "General",
      "whiteSpace" : false
    }, {
      "id" : "s0-t2",
      "begin" : 14,
      "end" : 18,
      "text" : "Asif",
      "whiteSpace" : false
    }, {
      "id" : "s0-t3",
      "begin" : 19,
      "end" : 26,
      "text" : "Ghafoor",
      "whiteSpace" : false
    }, {
      "id" : "s0-t4",
      "begin" : 27,
      "end" : 32,
      "text" : "Sahib",
      "whiteSpace" : false
    }, {
      "id" : "s0-t5",
      "begin" : 33,
      "end" : 39,
      "text" : "should",
      "whiteSpace" : false
    }, {
      "id" : "s0-t6",
      "begin" : 40,
      "end" : 42,
      "text" : "be",
      "whiteSpace" : false
    }, {
      "id" : "s0-t7",
      "begin" : 43,
      "end" : 47,
      "text" : "told",
      "whiteSpace" : false
    }, {
      "id" : "s0-t8",
      "begin" : 48,
      "end" : 51,
      "text" : "why",
      "whiteSpace" : false
    }, {
      "id" : "s0-t9",
      "begin" : 52,
      "end" : 54,
      "text" : "we",
      "whiteSpace" : false
    }, {
      "id" : "s0-t10",
      "begin" : 55,
      "end" : 58,
      "text" : "can",
      "whiteSpace" : false
    }, {
      "id" : "s0-t11",
      "begin" : 59,
      "end" : 62,
      "text" : "not",
      "whiteSpace" : false
    }, {
      "id" : "s0-t12",
      "begin" : 63,
      "end" : 67,
      "text" : "take",
      "whiteSpace" : false
    }, {
      "id" : "s0-t13",
      "begin" : 68,
      "end" : 75,
      "text" : "Kashmir",
      "whiteSpace" : false
    }, {
      "id" : "s0-t14",
      "begin" : 76,
      "end" : 80,
      "text" : "from",
      "whiteSpace" : false
    }, {
      "id" : "s0-t15",
      "begin" : 81,
      "end" : 84,
      "text" : "the",
      "whiteSpace" : false
    }, {
      "id" : "s0-t16",
      "begin" : 85,
      "end" : 93,
      "text" : "drinking",
      "whiteSpace" : false
    }, {
      "id" : "s0-t17",
      "begin" : 94,
      "end" : 99,
      "text" : "water",
      "whiteSpace" : false
    }, {
      "id" : "s0-t18",
      "begin" : 100,
      "end" : 102,
      "text" : "of",
      "whiteSpace" : false
    }, {
      "id" : "s0-t19",
      "begin" : 103,
      "end" : 106,
      "text" : "the",
      "whiteSpace" : false
    }, {
      "id" : "s0-t20",
      "begin" : 107,
      "end" : 113,
      "text" : "cowboy",
      "whiteSpace" : false
    }, {
      "id" : "s0-t21",
      "begin" : 113,
      "end" : 114,
      "text" : ".",
      "whiteSpace" : false
    } ]
  }, {
    "id" : "s1",
    "begin" : 115,
    "end" : 180,
    "text" : "We are afraid that Muslims will end up till the end of our lives.",
    "tokens" : [ {
      "id" : "s1-t0",
      "begin" : 115,
      "end" : 117,
      "text" : "We",
      "whiteSpace" : false
    }, {
      "id" : "s1-t1",
      "begin" : 118,
      "end" : 121,
      "text" : "are",
      "whiteSpace" : false
    }, {
      "id" : "s1-t2",
      "begin" : 122,
      "end" : 128,
      "text" : "afraid",
      "whiteSpace" : false
    }, {
      "id" : "s1-t3",
      "begin" : 129,
      "end" : 133,
      "text" : "that",
      "whiteSpace" : false
    }, {
      "id" : "s1-t4",
      "begin" : 134,
      "end" : 141,
      "text" : "Muslims",
      "whiteSpace" : false
    }, {
      "id" : "s1-t5",
      "begin" : 142,
      "end" : 146,
      "text" : "will",
      "whiteSpace" : false
    }, {
      "id" : "s1-t6",
      "begin" : 147,
      "end" : 150,
      "text" : "end",
      "whiteSpace" : false
    }, {
      "id" : "s1-t7",
      "begin" : 151,
      "end" : 153,
      "text" : "up",
      "whiteSpace" : false
    }, {
      "id" : "s1-t8",
      "begin" : 154,
      "end" : 158,
      "text" : "till",
      "whiteSpace" : false
    }, {
      "id" : "s1-t9",
      "begin" : 159,
      "end" : 162,
      "text" : "the",
      "whiteSpace" : false
    }, {
      "id" : "s1-t10",
      "begin" : 163,
      "end" : 166,
      "text" : "end",
      "whiteSpace" : false
    }, {
      "id" : "s1-t11",
      "begin" : 167,
      "end" : 169,
      "text" : "of",
      "whiteSpace" : false
    }, {
      "id" : "s1-t12",
      "begin" : 170,
      "end" : 173,
      "text" : "our",
      "whiteSpace" : false
    }, {
      "id" : "s1-t13",
      "begin" : 174,
      "end" : 179,
      "text" : "lives",
      "whiteSpace" : false
    }, {
      "id" : "s1-t14",
      "begin" : 179,
      "end" : 180,
      "text" : ".",
      "whiteSpace" : false
    } ]
  }, {
    "id" : "s2",
    "begin" : 181,
    "end" : 240,
    "text" : "My heart feels why the employer is a Muslim why why not die",
    "tokens" : [ {
      "id" : "s2-t0",
      "begin" : 181,
      "end" : 183,
      "text" : "My",
      "whiteSpace" : false
    }, {
      "id" : "s2-t1",
      "begin" : 184,
      "end" : 189,
      "text" : "heart",
      "whiteSpace" : false
    }, {
      "id" : "s2-t2",
      "begin" : 190,
      "end" : 195,
      "text" : "feels",
      "whiteSpace" : false
    }, {
      "id" : "s2-t3",
      "begin" : 196,
      "end" : 199,
      "text" : "why",
      "whiteSpace" : false
    }, {
      "id" : "s2-t4",
      "begin" : 200,
      "end" : 203,
      "text" : "the",
      "whiteSpace" : false
    }, {
      "id" : "s2-t5",
      "begin" : 204,
      "end" : 212,
      "text" : "employer",
      "whiteSpace" : false
    }, {
      "id" : "s2-t6",
      "begin" : 213,
      "end" : 215,
      "text" : "is",
      "whiteSpace" : false
    }, {
      "id" : "s2-t7",
      "begin" : 216,
      "end" : 217,
      "text" : "a",
      "whiteSpace" : false
    }, {
      "id" : "s2-t8",
      "begin" : 218,
      "end" : 224,
      "text" : "Muslim",
      "whiteSpace" : false
    }, {
      "id" : "s2-t9",
      "begin" : 225,
      "end" : 228,
      "text" : "why",
      "whiteSpace" : false
    }, {
      "id" : "s2-t10",
      "begin" : 229,
      "end" : 232,
      "text" : "why",
      "whiteSpace" : false
    }, {
      "id" : "s2-t11",
      "begin" : 233,
      "end" : 236,
      "text" : "not",
      "whiteSpace" : false
    }, {
      "id" : "s2-t12",
      "begin" : 237,
      "end" : 240,
      "text" : "die",
      "whiteSpace" : false
    } ]
  } ],
  "mentions" : [ {
    "id" : "s1-m0",
    "properties" : {
      "SIRE_ENTITY_SUBTYPE" : "NONE",
      "SIRE_MENTION_TYPE" : "NONE",
      "SIRE_MENTION_ROLE" : "discrimination",
      "SIRE_MENTION_CLASS" : "SPC"
    },
    "type" : "discrimination",
    "begin" : 134,
    "end" : 141,
    "inCoref" : false
  }, {
    "id" : "s2-m0",
    "properties" : {
      "SIRE_ENTITY_SUBTYPE" : "NONE",
      "SIRE_MENTION_TYPE" : "NONE",
      "SIRE_MENTION_ROLE" : "discrimination",
      "SIRE_MENTION_CLASS" : "SPC"
    },
    "type" : "discrimination",
    "begin" : 218,
    "end" : 224,
    "inCoref" : false
  }, {
    "id" : "s2-m1",
    "properties" : {
      "SIRE_ENTITY_SUBTYPE" : "NONE",
      "SIRE_MENTION_TYPE" : "NONE",
      "SIRE_MENTION_ROLE" : "crime",
      "SIRE_MENTION_CLASS" : "SPC"
    },
    "type" : "crime",
    "begin" : 237,
    "end" : 240,
    "inCoref" : false
  } ],
  "relations" : [ ],
  "corefs" : [ ],
  "typeResolved" : true,
  "userResolved" : false
}