{
  "id" : "3b6f72e0-19b7-11e9-b91a-632a538f72de-25",
  "name" : "Doc 25",
  "createdDate" : 0,
  "version" : 3,
  "text" : "And the other employer expected me to be white....üëÄü§∑üèæ‚Äç‚ôÄÔ∏è",
  "docLength" : 0,
  "language" : "EN",
  "status" : "SUBMITTED",
  "modifiedDate" : 1547661375587,
  "documentSet" : [ ],
  "preannotation" : [ "PRE_LW" ],
  "sentences" : [ {
    "id" : "s0",
    "begin" : 0,
    "end" : 71,
    "text" : "And the other employer expected me to be white....üëÄü§∑üèæ‚Äç‚ôÄÔ∏è",
    "tokens" : [ {
      "id" : "s0-t0",
      "begin" : 0,
      "end" : 3,
      "text" : "And",
      "whiteSpace" : false
    }, {
      "id" : "s0-t1",
      "begin" : 4,
      "end" : 7,
      "text" : "the",
      "whiteSpace" : false
    }, {
      "id" : "s0-t2",
      "begin" : 8,
      "end" : 13,
      "text" : "other",
      "whiteSpace" : false
    }, {
      "id" : "s0-t3",
      "begin" : 14,
      "end" : 22,
      "text" : "employer",
      "whiteSpace" : false
    }, {
      "id" : "s0-t4",
      "begin" : 23,
      "end" : 31,
      "text" : "expected",
      "whiteSpace" : false
    }, {
      "id" : "s0-t5",
      "begin" : 32,
      "end" : 34,
      "text" : "me",
      "whiteSpace" : false
    }, {
      "id" : "s0-t6",
      "begin" : 35,
      "end" : 37,
      "text" : "to",
      "whiteSpace" : false
    }, {
      "id" : "s0-t7",
      "begin" : 38,
      "end" : 40,
      "text" : "be",
      "whiteSpace" : false
    }, {
      "id" : "s0-t8",
      "begin" : 41,
      "end" : 46,
      "text" : "white",
      "whiteSpace" : false
    }, {
      "id" : "s0-t9",
      "begin" : 46,
      "end" : 50,
      "text" : "....",
      "whiteSpace" : false
    }, {
      "id" : "s0-t10",
      "begin" : 50,
      "end" : 56,
      "text" : "üëÄü",
      "whiteSpace" : false
    }, {
      "id" : "s0-t11",
      "begin" : 56,
      "end" : 57,
      "text" : "§",
      "whiteSpace" : false
    }, {
      "id" : "s0-t12",
      "begin" : 57,
      "end" : 62,
      "text" : "∑üèæ",
      "whiteSpace" : false
    }, {
      "id" : "s0-t13",
      "begin" : 62,
      "end" : 63,
      "text" : "‚",
      "whiteSpace" : false
    }, {
      "id" : "s0-t14",
      "begin" : 63,
      "end" : 65,
      "text" : "Äç",
      "whiteSpace" : false
    }, {
      "id" : "s0-t15",
      "begin" : 65,
      "end" : 66,
      "text" : "‚",
      "whiteSpace" : false
    }, {
      "id" : "s0-t16",
      "begin" : 66,
      "end" : 71,
      "text" : "ôÄÔ∏è",
      "whiteSpace" : false
    } ]
  } ],
  "mentions" : [ {
    "id" : "s0-m0",
    "properties" : {
      "SIRE_ENTITY_SUBTYPE" : "NONE",
      "SIRE_MENTION_TYPE" : "NONE",
      "SIRE_MENTION_ROLE" : "discrimination",
      "SIRE_MENTION_CLASS" : "SPC"
    },
    "type" : "discrimination",
    "begin" : 41,
    "end" : 46,
    "inCoref" : false
  } ],
  "relations" : [ ],
  "corefs" : [ ],
  "typeResolved" : true,
  "userResolved" : false
}