{
  "id" : "3b6f72e0-19b7-11e9-b91a-632a538f72de-11",
  "name" : "Doc 11",
  "createdDate" : 0,
  "version" : 3,
  "text" : "Under the Workers‚Äô Compensation Act, employers have a number of responsibilities when a work-related injury/illness occurs. These responsibilities include recording and reporting any worker entitlement and/or return-to-work issues. yeg yyc WCBAlberta AB",
  "docLength" : 0,
  "language" : "EN",
  "status" : "SUBMITTED",
  "modifiedDate" : 1547661163765,
  "documentSet" : [ ],
  "preannotation" : [ "PRE_LW" ],
  "sentences" : [ {
    "id" : "s0",
    "begin" : 0,
    "end" : 125,
    "text" : "Under the Workers‚Äô Compensation Act, employers have a number of responsibilities when a work-related injury/illness occurs.",
    "tokens" : [ {
      "id" : "s0-t0",
      "begin" : 0,
      "end" : 5,
      "text" : "Under",
      "whiteSpace" : false
    }, {
      "id" : "s0-t1",
      "begin" : 6,
      "end" : 9,
      "text" : "the",
      "whiteSpace" : false
    }, {
      "id" : "s0-t2",
      "begin" : 10,
      "end" : 17,
      "text" : "Workers",
      "whiteSpace" : false
    }, {
      "id" : "s0-t3",
      "begin" : 17,
      "end" : 18,
      "text" : "‚",
      "whiteSpace" : false
    }, {
      "id" : "s0-t4",
      "begin" : 18,
      "end" : 20,
      "text" : "Äô",
      "whiteSpace" : false
    }, {
      "id" : "s0-t5",
      "begin" : 21,
      "end" : 33,
      "text" : "Compensation",
      "whiteSpace" : false
    }, {
      "id" : "s0-t6",
      "begin" : 34,
      "end" : 37,
      "text" : "Act",
      "whiteSpace" : false
    }, {
      "id" : "s0-t7",
      "begin" : 37,
      "end" : 38,
      "text" : ",",
      "whiteSpace" : false
    }, {
      "id" : "s0-t8",
      "begin" : 39,
      "end" : 48,
      "text" : "employers",
      "whiteSpace" : false
    }, {
      "id" : "s0-t9",
      "begin" : 49,
      "end" : 53,
      "text" : "have",
      "whiteSpace" : false
    }, {
      "id" : "s0-t10",
      "begin" : 54,
      "end" : 55,
      "text" : "a",
      "whiteSpace" : false
    }, {
      "id" : "s0-t11",
      "begin" : 56,
      "end" : 62,
      "text" : "number",
      "whiteSpace" : false
    }, {
      "id" : "s0-t12",
      "begin" : 63,
      "end" : 65,
      "text" : "of",
      "whiteSpace" : false
    }, {
      "id" : "s0-t13",
      "begin" : 66,
      "end" : 82,
      "text" : "responsibilities",
      "whiteSpace" : false
    }, {
      "id" : "s0-t14",
      "begin" : 83,
      "end" : 87,
      "text" : "when",
      "whiteSpace" : false
    }, {
      "id" : "s0-t15",
      "begin" : 88,
      "end" : 89,
      "text" : "a",
      "whiteSpace" : false
    }, {
      "id" : "s0-t16",
      "begin" : 90,
      "end" : 102,
      "text" : "work-related",
      "whiteSpace" : false
    }, {
      "id" : "s0-t17",
      "begin" : 103,
      "end" : 117,
      "text" : "injury/illness",
      "whiteSpace" : false
    }, {
      "id" : "s0-t18",
      "begin" : 118,
      "end" : 124,
      "text" : "occurs",
      "whiteSpace" : false
    }, {
      "id" : "s0-t19",
      "begin" : 124,
      "end" : 125,
      "text" : ".",
      "whiteSpace" : false
    } ]
  }, {
    "id" : "s1",
    "begin" : 126,
    "end" : 233,
    "text" : "These responsibilities include recording and reporting any worker entitlement and/or return-to-work issues.",
    "tokens" : [ {
      "id" : "s1-t0",
      "begin" : 126,
      "end" : 131,
      "text" : "These",
      "whiteSpace" : false
    }, {
      "id" : "s1-t1",
      "begin" : 132,
      "end" : 148,
      "text" : "responsibilities",
      "whiteSpace" : false
    }, {
      "id" : "s1-t2",
      "begin" : 149,
      "end" : 156,
      "text" : "include",
      "whiteSpace" : false
    }, {
      "id" : "s1-t3",
      "begin" : 157,
      "end" : 166,
      "text" : "recording",
      "whiteSpace" : false
    }, {
      "id" : "s1-t4",
      "begin" : 167,
      "end" : 170,
      "text" : "and",
      "whiteSpace" : false
    }, {
      "id" : "s1-t5",
      "begin" : 171,
      "end" : 180,
      "text" : "reporting",
      "whiteSpace" : false
    }, {
      "id" : "s1-t6",
      "begin" : 181,
      "end" : 184,
      "text" : "any",
      "whiteSpace" : false
    }, {
      "id" : "s1-t7",
      "begin" : 185,
      "end" : 191,
      "text" : "worker",
      "whiteSpace" : false
    }, {
      "id" : "s1-t8",
      "begin" : 192,
      "end" : 203,
      "text" : "entitlement",
      "whiteSpace" : false
    }, {
      "id" : "s1-t9",
      "begin" : 204,
      "end" : 207,
      "text" : "and",
      "whiteSpace" : false
    }, {
      "id" : "s1-t10",
      "begin" : 207,
      "end" : 208,
      "text" : "/",
      "whiteSpace" : false
    }, {
      "id" : "s1-t11",
      "begin" : 208,
      "end" : 210,
      "text" : "or",
      "whiteSpace" : false
    }, {
      "id" : "s1-t12",
      "begin" : 211,
      "end" : 225,
      "text" : "return-to-work",
      "whiteSpace" : false
    }, {
      "id" : "s1-t13",
      "begin" : 226,
      "end" : 232,
      "text" : "issues",
      "whiteSpace" : false
    }, {
      "id" : "s1-t14",
      "begin" : 232,
      "end" : 233,
      "text" : ".",
      "whiteSpace" : false
    } ]
  }, {
    "id" : "s2",
    "begin" : 234,
    "end" : 255,
    "text" : "yeg yyc WCBAlberta AB",
    "tokens" : [ {
      "id" : "s2-t0",
      "begin" : 234,
      "end" : 237,
      "text" : "yeg",
      "whiteSpace" : false
    }, {
      "id" : "s2-t1",
      "begin" : 238,
      "end" : 241,
      "text" : "yyc",
      "whiteSpace" : false
    }, {
      "id" : "s2-t2",
      "begin" : 242,
      "end" : 252,
      "text" : "WCBAlberta",
      "whiteSpace" : false
    }, {
      "id" : "s2-t3",
      "begin" : 253,
      "end" : 255,
      "text" : "AB",
      "whiteSpace" : false
    } ]
  } ],
  "mentions" : [ {
    "id" : "s0-m0",
    "properties" : {
      "SIRE_ENTITY_SUBTYPE" : "NONE",
      "SIRE_MENTION_TYPE" : "NONE",
      "SIRE_MENTION_ROLE" : "safety",
      "SIRE_MENTION_CLASS" : "SPC"
    },
    "type" : "safety",
    "begin" : 103,
    "end" : 109,
    "inCoref" : false
  } ],
  "relations" : [ ],
  "corefs" : [ ],
  "typeResolved" : true,
  "userResolved" : false
}