{
  "id" : "3b6f72e0-19b7-11e9-b91a-632a538f72de-49",
  "name" : "Doc 49",
  "createdDate" : 0,
  "version" : 3,
  "text" : "Fur protest in front of Cocoblush today.\n2 different groups of local activists put pressure on the shop with regular protests. Today during our demo we had a chat with one of the employer‚Ä¶ https://t.co/QeAqIUGPRn",
  "docLength" : 0,
  "language" : "EN",
  "status" : "SUBMITTED",
  "modifiedDate" : 1547661754889,
  "documentSet" : [ ],
  "preannotation" : [ "PRE_LW" ],
  "sentences" : [ {
    "id" : "s0",
    "begin" : 0,
    "end" : 40,
    "text" : "Fur protest in front of Cocoblush today.",
    "tokens" : [ {
      "id" : "s0-t0",
      "begin" : 0,
      "end" : 3,
      "text" : "Fur",
      "whiteSpace" : false
    }, {
      "id" : "s0-t1",
      "begin" : 4,
      "end" : 11,
      "text" : "protest",
      "whiteSpace" : false
    }, {
      "id" : "s0-t2",
      "begin" : 12,
      "end" : 14,
      "text" : "in",
      "whiteSpace" : false
    }, {
      "id" : "s0-t3",
      "begin" : 15,
      "end" : 20,
      "text" : "front",
      "whiteSpace" : false
    }, {
      "id" : "s0-t4",
      "begin" : 21,
      "end" : 23,
      "text" : "of",
      "whiteSpace" : false
    }, {
      "id" : "s0-t5",
      "begin" : 24,
      "end" : 33,
      "text" : "Cocoblush",
      "whiteSpace" : false
    }, {
      "id" : "s0-t6",
      "begin" : 34,
      "end" : 39,
      "text" : "today",
      "whiteSpace" : false
    }, {
      "id" : "s0-t7",
      "begin" : 39,
      "end" : 40,
      "text" : ".",
      "whiteSpace" : false
    } ]
  }, {
    "id" : "s1",
    "begin" : 41,
    "end" : 126,
    "text" : "2 different groups of local activists put pressure on the shop with regular protests.",
    "tokens" : [ {
      "id" : "s1-t0",
      "begin" : 41,
      "end" : 42,
      "text" : "2",
      "whiteSpace" : false
    }, {
      "id" : "s1-t1",
      "begin" : 43,
      "end" : 52,
      "text" : "different",
      "whiteSpace" : false
    }, {
      "id" : "s1-t2",
      "begin" : 53,
      "end" : 59,
      "text" : "groups",
      "whiteSpace" : false
    }, {
      "id" : "s1-t3",
      "begin" : 60,
      "end" : 62,
      "text" : "of",
      "whiteSpace" : false
    }, {
      "id" : "s1-t4",
      "begin" : 63,
      "end" : 68,
      "text" : "local",
      "whiteSpace" : false
    }, {
      "id" : "s1-t5",
      "begin" : 69,
      "end" : 78,
      "text" : "activists",
      "whiteSpace" : false
    }, {
      "id" : "s1-t6",
      "begin" : 79,
      "end" : 82,
      "text" : "put",
      "whiteSpace" : false
    }, {
      "id" : "s1-t7",
      "begin" : 83,
      "end" : 91,
      "text" : "pressure",
      "whiteSpace" : false
    }, {
      "id" : "s1-t8",
      "begin" : 92,
      "end" : 94,
      "text" : "on",
      "whiteSpace" : false
    }, {
      "id" : "s1-t9",
      "begin" : 95,
      "end" : 98,
      "text" : "the",
      "whiteSpace" : false
    }, {
      "id" : "s1-t10",
      "begin" : 99,
      "end" : 103,
      "text" : "shop",
      "whiteSpace" : false
    }, {
      "id" : "s1-t11",
      "begin" : 104,
      "end" : 108,
      "text" : "with",
      "whiteSpace" : false
    }, {
      "id" : "s1-t12",
      "begin" : 109,
      "end" : 116,
      "text" : "regular",
      "whiteSpace" : false
    }, {
      "id" : "s1-t13",
      "begin" : 117,
      "end" : 125,
      "text" : "protests",
      "whiteSpace" : false
    }, {
      "id" : "s1-t14",
      "begin" : 125,
      "end" : 126,
      "text" : ".",
      "whiteSpace" : false
    } ]
  }, {
    "id" : "s2",
    "begin" : 127,
    "end" : 214,
    "text" : "Today during our demo we had a chat with one of the employer‚Ä¶ https://t.co/QeAqIUGPRn",
    "tokens" : [ {
      "id" : "s2-t0",
      "begin" : 127,
      "end" : 132,
      "text" : "Today",
      "whiteSpace" : false
    }, {
      "id" : "s2-t1",
      "begin" : 133,
      "end" : 139,
      "text" : "during",
      "whiteSpace" : false
    }, {
      "id" : "s2-t2",
      "begin" : 140,
      "end" : 143,
      "text" : "our",
      "whiteSpace" : false
    }, {
      "id" : "s2-t3",
      "begin" : 144,
      "end" : 148,
      "text" : "demo",
      "whiteSpace" : false
    }, {
      "id" : "s2-t4",
      "begin" : 149,
      "end" : 151,
      "text" : "we",
      "whiteSpace" : false
    }, {
      "id" : "s2-t5",
      "begin" : 152,
      "end" : 155,
      "text" : "had",
      "whiteSpace" : false
    }, {
      "id" : "s2-t6",
      "begin" : 156,
      "end" : 157,
      "text" : "a",
      "whiteSpace" : false
    }, {
      "id" : "s2-t7",
      "begin" : 158,
      "end" : 162,
      "text" : "chat",
      "whiteSpace" : false
    }, {
      "id" : "s2-t8",
      "begin" : 163,
      "end" : 167,
      "text" : "with",
      "whiteSpace" : false
    }, {
      "id" : "s2-t9",
      "begin" : 168,
      "end" : 171,
      "text" : "one",
      "whiteSpace" : false
    }, {
      "id" : "s2-t10",
      "begin" : 172,
      "end" : 174,
      "text" : "of",
      "whiteSpace" : false
    }, {
      "id" : "s2-t11",
      "begin" : 175,
      "end" : 178,
      "text" : "the",
      "whiteSpace" : false
    }, {
      "id" : "s2-t12",
      "begin" : 179,
      "end" : 187,
      "text" : "employer",
      "whiteSpace" : false
    }, {
      "id" : "s2-t13",
      "begin" : 187,
      "end" : 188,
      "text" : "‚",
      "whiteSpace" : false
    }, {
      "id" : "s2-t14",
      "begin" : 188,
      "end" : 190,
      "text" : "Ä¶",
      "whiteSpace" : false
    }, {
      "id" : "s2-t15",
      "begin" : 191,
      "end" : 214,
      "text" : "https://t.co/QeAqIUGPRn",
      "whiteSpace" : false
    } ]
  } ],
  "mentions" : [ {
    "id" : "s0-m0",
    "properties" : {
      "SIRE_ENTITY_SUBTYPE" : "NONE",
      "SIRE_MENTION_TYPE" : "NONE",
      "SIRE_MENTION_ROLE" : "protest",
      "SIRE_MENTION_CLASS" : "SPC"
    },
    "type" : "protest",
    "begin" : 4,
    "end" : 11,
    "inCoref" : false
  }, {
    "id" : "s1-m0",
    "properties" : {
      "SIRE_ENTITY_SUBTYPE" : "NONE",
      "SIRE_MENTION_TYPE" : "NONE",
      "SIRE_MENTION_ROLE" : "protest",
      "SIRE_MENTION_CLASS" : "SPC"
    },
    "type" : "protest",
    "begin" : 117,
    "end" : 125,
    "inCoref" : false
  } ],
  "relations" : [ ],
  "corefs" : [ ],
  "typeResolved" : true,
  "userResolved" : false
}