{
  "id" : "3b6f72e0-19b7-11e9-b91a-632a538f72de-29",
  "name" : "Doc 29",
  "createdDate" : 0,
  "version" : 3,
  "text" : "Almost 17k Arkansans have lost Medicaid due to work requirements.\n\nWe need Medicare for All to ensure that every single America‚Ä¶",
  "docLength" : 0,
  "language" : "EN",
  "status" : "SUBMITTED",
  "modifiedDate" : 1547661418422,
  "documentSet" : [ ],
  "preannotation" : [ "PRE_LW" ],
  "sentences" : [ {
    "id" : "s0",
    "begin" : 0,
    "end" : 65,
    "text" : "Almost 17k Arkansans have lost Medicaid due to work requirements.",
    "tokens" : [ {
      "id" : "s0-t0",
      "begin" : 0,
      "end" : 6,
      "text" : "Almost",
      "whiteSpace" : false
    }, {
      "id" : "s0-t1",
      "begin" : 7,
      "end" : 10,
      "text" : "17k",
      "whiteSpace" : false
    }, {
      "id" : "s0-t2",
      "begin" : 11,
      "end" : 20,
      "text" : "Arkansans",
      "whiteSpace" : false
    }, {
      "id" : "s0-t3",
      "begin" : 21,
      "end" : 25,
      "text" : "have",
      "whiteSpace" : false
    }, {
      "id" : "s0-t4",
      "begin" : 26,
      "end" : 30,
      "text" : "lost",
      "whiteSpace" : false
    }, {
      "id" : "s0-t5",
      "begin" : 31,
      "end" : 39,
      "text" : "Medicaid",
      "whiteSpace" : false
    }, {
      "id" : "s0-t6",
      "begin" : 40,
      "end" : 43,
      "text" : "due",
      "whiteSpace" : false
    }, {
      "id" : "s0-t7",
      "begin" : 44,
      "end" : 46,
      "text" : "to",
      "whiteSpace" : false
    }, {
      "id" : "s0-t8",
      "begin" : 47,
      "end" : 51,
      "text" : "work",
      "whiteSpace" : false
    }, {
      "id" : "s0-t9",
      "begin" : 52,
      "end" : 64,
      "text" : "requirements",
      "whiteSpace" : false
    }, {
      "id" : "s0-t10",
      "begin" : 64,
      "end" : 65,
      "text" : ".",
      "whiteSpace" : false
    } ]
  }, {
    "id" : "s1",
    "begin" : 67,
    "end" : 130,
    "text" : "We need Medicare for All to ensure that every single America‚Ä¶",
    "tokens" : [ {
      "id" : "s1-t0",
      "begin" : 67,
      "end" : 69,
      "text" : "We",
      "whiteSpace" : false
    }, {
      "id" : "s1-t1",
      "begin" : 70,
      "end" : 74,
      "text" : "need",
      "whiteSpace" : false
    }, {
      "id" : "s1-t2",
      "begin" : 75,
      "end" : 83,
      "text" : "Medicare",
      "whiteSpace" : false
    }, {
      "id" : "s1-t3",
      "begin" : 84,
      "end" : 87,
      "text" : "for",
      "whiteSpace" : false
    }, {
      "id" : "s1-t4",
      "begin" : 88,
      "end" : 91,
      "text" : "All",
      "whiteSpace" : false
    }, {
      "id" : "s1-t5",
      "begin" : 92,
      "end" : 94,
      "text" : "to",
      "whiteSpace" : false
    }, {
      "id" : "s1-t6",
      "begin" : 95,
      "end" : 101,
      "text" : "ensure",
      "whiteSpace" : false
    }, {
      "id" : "s1-t7",
      "begin" : 102,
      "end" : 106,
      "text" : "that",
      "whiteSpace" : false
    }, {
      "id" : "s1-t8",
      "begin" : 107,
      "end" : 112,
      "text" : "every",
      "whiteSpace" : false
    }, {
      "id" : "s1-t9",
      "begin" : 113,
      "end" : 119,
      "text" : "single",
      "whiteSpace" : false
    }, {
      "id" : "s1-t10",
      "begin" : 120,
      "end" : 127,
      "text" : "America",
      "whiteSpace" : false
    }, {
      "id" : "s1-t11",
      "begin" : 127,
      "end" : 128,
      "text" : "‚",
      "whiteSpace" : false
    }, {
      "id" : "s1-t12",
      "begin" : 128,
      "end" : 129,
      "text" : "Ä",
      "whiteSpace" : false
    }, {
      "id" : "s1-t13",
      "begin" : 129,
      "end" : 130,
      "text" : "¶",
      "whiteSpace" : false
    } ]
  } ],
  "mentions" : [ {
    "id" : "s0-m0",
    "properties" : {
      "SIRE_ENTITY_SUBTYPE" : "NONE",
      "SIRE_MENTION_TYPE" : "NONE",
      "SIRE_MENTION_ROLE" : "healthcare",
      "SIRE_MENTION_CLASS" : "SPC"
    },
    "type" : "healthcare",
    "begin" : 31,
    "end" : 39,
    "inCoref" : false
  }, {
    "id" : "s1-m0",
    "properties" : {
      "SIRE_ENTITY_SUBTYPE" : "NONE",
      "SIRE_MENTION_TYPE" : "NONE",
      "SIRE_MENTION_ROLE" : "healthcare",
      "SIRE_MENTION_CLASS" : "SPC"
    },
    "type" : "healthcare",
    "begin" : 75,
    "end" : 83,
    "inCoref" : false
  } ],
  "relations" : [ ],
  "corefs" : [ ],
  "typeResolved" : true,
  "userResolved" : false
}