{
  "id" : "3b6f72e0-19b7-11e9-b91a-632a538f72de-53",
  "name" : "Doc 53",
  "createdDate" : 0,
  "version" : 3,
  "text" : "What is wrong with beign black and not white woman?! Employers discriminate against coloured people and it is unfair! ",
  "docLength" : 0,
  "language" : "EN",
  "status" : "SUBMITTED",
  "modifiedDate" : 1547661817696,
  "documentSet" : [ ],
  "preannotation" : [ "PRE_LW" ],
  "sentences" : [ {
    "id" : "s0",
    "begin" : 0,
    "end" : 52,
    "text" : "What is wrong with beign black and not white woman?!",
    "tokens" : [ {
      "id" : "s0-t0",
      "begin" : 0,
      "end" : 4,
      "text" : "What",
      "whiteSpace" : false
    }, {
      "id" : "s0-t1",
      "begin" : 5,
      "end" : 7,
      "text" : "is",
      "whiteSpace" : false
    }, {
      "id" : "s0-t2",
      "begin" : 8,
      "end" : 13,
      "text" : "wrong",
      "whiteSpace" : false
    }, {
      "id" : "s0-t3",
      "begin" : 14,
      "end" : 18,
      "text" : "with",
      "whiteSpace" : false
    }, {
      "id" : "s0-t4",
      "begin" : 19,
      "end" : 24,
      "text" : "beign",
      "whiteSpace" : false
    }, {
      "id" : "s0-t5",
      "begin" : 25,
      "end" : 30,
      "text" : "black",
      "whiteSpace" : false
    }, {
      "id" : "s0-t6",
      "begin" : 31,
      "end" : 34,
      "text" : "and",
      "whiteSpace" : false
    }, {
      "id" : "s0-t7",
      "begin" : 35,
      "end" : 38,
      "text" : "not",
      "whiteSpace" : false
    }, {
      "id" : "s0-t8",
      "begin" : 39,
      "end" : 44,
      "text" : "white",
      "whiteSpace" : false
    }, {
      "id" : "s0-t9",
      "begin" : 45,
      "end" : 50,
      "text" : "woman",
      "whiteSpace" : false
    }, {
      "id" : "s0-t10",
      "begin" : 50,
      "end" : 51,
      "text" : "?",
      "whiteSpace" : false
    }, {
      "id" : "s0-t11",
      "begin" : 51,
      "end" : 52,
      "text" : "!",
      "whiteSpace" : false
    } ]
  }, {
    "id" : "s1",
    "begin" : 53,
    "end" : 117,
    "text" : "Employers discriminate against coloured people and it is unfair!",
    "tokens" : [ {
      "id" : "s1-t0",
      "begin" : 53,
      "end" : 62,
      "text" : "Employers",
      "whiteSpace" : false
    }, {
      "id" : "s1-t1",
      "begin" : 63,
      "end" : 75,
      "text" : "discriminate",
      "whiteSpace" : false
    }, {
      "id" : "s1-t2",
      "begin" : 76,
      "end" : 83,
      "text" : "against",
      "whiteSpace" : false
    }, {
      "id" : "s1-t3",
      "begin" : 84,
      "end" : 92,
      "text" : "coloured",
      "whiteSpace" : false
    }, {
      "id" : "s1-t4",
      "begin" : 93,
      "end" : 99,
      "text" : "people",
      "whiteSpace" : false
    }, {
      "id" : "s1-t5",
      "begin" : 100,
      "end" : 103,
      "text" : "and",
      "whiteSpace" : false
    }, {
      "id" : "s1-t6",
      "begin" : 104,
      "end" : 106,
      "text" : "it",
      "whiteSpace" : false
    }, {
      "id" : "s1-t7",
      "begin" : 107,
      "end" : 109,
      "text" : "is",
      "whiteSpace" : false
    }, {
      "id" : "s1-t8",
      "begin" : 110,
      "end" : 116,
      "text" : "unfair",
      "whiteSpace" : false
    }, {
      "id" : "s1-t9",
      "begin" : 116,
      "end" : 117,
      "text" : "!",
      "whiteSpace" : false
    } ]
  } ],
  "mentions" : [ {
    "id" : "s0-m0",
    "properties" : {
      "SIRE_ENTITY_SUBTYPE" : "NONE",
      "SIRE_MENTION_TYPE" : "NONE",
      "SIRE_MENTION_ROLE" : "discrimination",
      "SIRE_MENTION_CLASS" : "SPC"
    },
    "type" : "discrimination",
    "begin" : 25,
    "end" : 30,
    "inCoref" : false
  }, {
    "id" : "s0-m1",
    "properties" : {
      "SIRE_ENTITY_SUBTYPE" : "NONE",
      "SIRE_MENTION_TYPE" : "NONE",
      "SIRE_MENTION_ROLE" : "discrimination",
      "SIRE_MENTION_CLASS" : "SPC"
    },
    "type" : "discrimination",
    "begin" : 39,
    "end" : 44,
    "inCoref" : false
  }, {
    "id" : "s1-m0",
    "properties" : {
      "SIRE_ENTITY_SUBTYPE" : "NONE",
      "SIRE_MENTION_TYPE" : "NONE",
      "SIRE_MENTION_ROLE" : "discrimination",
      "SIRE_MENTION_CLASS" : "SPC"
    },
    "type" : "discrimination",
    "begin" : 63,
    "end" : 75,
    "inCoref" : false
  }, {
    "id" : "s1-m1",
    "properties" : {
      "SIRE_ENTITY_SUBTYPE" : "NONE",
      "SIRE_MENTION_TYPE" : "NONE",
      "SIRE_MENTION_ROLE" : "discrimination",
      "SIRE_MENTION_CLASS" : "SPC"
    },
    "type" : "discrimination",
    "begin" : 84,
    "end" : 92,
    "inCoref" : false
  } ],
  "relations" : [ ],
  "corefs" : [ ],
  "typeResolved" : true,
  "userResolved" : false
}