{
  "id" : "3b6f72e0-19b7-11e9-b91a-632a538f72de-2",
  "name" : "Doc 2",
  "createdDate" : 0,
  "version" : 3,
  "text" : "MichaelEHayden Investigate your new employer and the ADL, they both seem pretty dodgy.",
  "docLength" : 0,
  "language" : "EN",
  "status" : "SUBMITTED",
  "modifiedDate" : 1547661288655,
  "documentSet" : [ ],
  "preannotation" : [ "PRE_LW" ],
  "sentences" : [ {
    "id" : "s0",
    "begin" : 0,
    "end" : 86,
    "text" : "MichaelEHayden Investigate your new employer and the ADL, they both seem pretty dodgy.",
    "tokens" : [ {
      "id" : "s0-t0",
      "begin" : 0,
      "end" : 14,
      "text" : "MichaelEHayden",
      "whiteSpace" : false
    }, {
      "id" : "s0-t1",
      "begin" : 15,
      "end" : 26,
      "text" : "Investigate",
      "whiteSpace" : false
    }, {
      "id" : "s0-t2",
      "begin" : 27,
      "end" : 31,
      "text" : "your",
      "whiteSpace" : false
    }, {
      "id" : "s0-t3",
      "begin" : 32,
      "end" : 35,
      "text" : "new",
      "whiteSpace" : false
    }, {
      "id" : "s0-t4",
      "begin" : 36,
      "end" : 44,
      "text" : "employer",
      "whiteSpace" : false
    }, {
      "id" : "s0-t5",
      "begin" : 45,
      "end" : 48,
      "text" : "and",
      "whiteSpace" : false
    }, {
      "id" : "s0-t6",
      "begin" : 49,
      "end" : 52,
      "text" : "the",
      "whiteSpace" : false
    }, {
      "id" : "s0-t7",
      "begin" : 53,
      "end" : 56,
      "text" : "ADL",
      "whiteSpace" : false
    }, {
      "id" : "s0-t8",
      "begin" : 56,
      "end" : 57,
      "text" : ",",
      "whiteSpace" : false
    }, {
      "id" : "s0-t9",
      "begin" : 58,
      "end" : 62,
      "text" : "they",
      "whiteSpace" : false
    }, {
      "id" : "s0-t10",
      "begin" : 63,
      "end" : 67,
      "text" : "both",
      "whiteSpace" : false
    }, {
      "id" : "s0-t11",
      "begin" : 68,
      "end" : 72,
      "text" : "seem",
      "whiteSpace" : false
    }, {
      "id" : "s0-t12",
      "begin" : 73,
      "end" : 79,
      "text" : "pretty",
      "whiteSpace" : false
    }, {
      "id" : "s0-t13",
      "begin" : 80,
      "end" : 85,
      "text" : "dodgy",
      "whiteSpace" : false
    }, {
      "id" : "s0-t14",
      "begin" : 85,
      "end" : 86,
      "text" : ".",
      "whiteSpace" : false
    } ]
  } ],
  "mentions" : [ ],
  "relations" : [ ],
  "corefs" : [ ],
  "typeResolved" : true,
  "userResolved" : false
}