{
  "id" : "3b6f72e0-19b7-11e9-b91a-632a538f72de-38",
  "name" : "Doc 38",
  "createdDate" : 0,
  "version" : 3,
  "text" : "Lost time equals lost business, costing employers $225 billion a year. Here's why an incident case management program matters for your employee's health and your bottom line: https://t.co/Ptk9ziJXKX AxiomMedical injury injuryprevention incidentcasemanagement losttime https://t.co/VKw0K0mWvn",
  "docLength" : 0,
  "language" : "EN",
  "status" : "SUBMITTED",
  "modifiedDate" : 1547661569539,
  "documentSet" : [ ],
  "preannotation" : [ "PRE_LW" ],
  "sentences" : [ {
    "id" : "s0",
    "begin" : 0,
    "end" : 70,
    "text" : "Lost time equals lost business, costing employers $225 billion a year.",
    "tokens" : [ {
      "id" : "s0-t0",
      "begin" : 0,
      "end" : 4,
      "text" : "Lost",
      "whiteSpace" : false
    }, {
      "id" : "s0-t1",
      "begin" : 5,
      "end" : 9,
      "text" : "time",
      "whiteSpace" : false
    }, {
      "id" : "s0-t2",
      "begin" : 10,
      "end" : 16,
      "text" : "equals",
      "whiteSpace" : false
    }, {
      "id" : "s0-t3",
      "begin" : 17,
      "end" : 21,
      "text" : "lost",
      "whiteSpace" : false
    }, {
      "id" : "s0-t4",
      "begin" : 22,
      "end" : 30,
      "text" : "business",
      "whiteSpace" : false
    }, {
      "id" : "s0-t5",
      "begin" : 30,
      "end" : 31,
      "text" : ",",
      "whiteSpace" : false
    }, {
      "id" : "s0-t6",
      "begin" : 32,
      "end" : 39,
      "text" : "costing",
      "whiteSpace" : false
    }, {
      "id" : "s0-t7",
      "begin" : 40,
      "end" : 49,
      "text" : "employers",
      "whiteSpace" : false
    }, {
      "id" : "s0-t8",
      "begin" : 50,
      "end" : 51,
      "text" : "$",
      "whiteSpace" : false
    }, {
      "id" : "s0-t9",
      "begin" : 51,
      "end" : 54,
      "text" : "225",
      "whiteSpace" : false
    }, {
      "id" : "s0-t10",
      "begin" : 55,
      "end" : 62,
      "text" : "billion",
      "whiteSpace" : false
    }, {
      "id" : "s0-t11",
      "begin" : 63,
      "end" : 64,
      "text" : "a",
      "whiteSpace" : false
    }, {
      "id" : "s0-t12",
      "begin" : 65,
      "end" : 69,
      "text" : "year",
      "whiteSpace" : false
    }, {
      "id" : "s0-t13",
      "begin" : 69,
      "end" : 70,
      "text" : ".",
      "whiteSpace" : false
    } ]
  }, {
    "id" : "s1",
    "begin" : 71,
    "end" : 291,
    "text" : "Here's why an incident case management program matters for your employee's health and your bottom line: https://t.co/Ptk9ziJXKX AxiomMedical injury injuryprevention incidentcasemanagement losttime https://t.co/VKw0K0mWvn",
    "tokens" : [ {
      "id" : "s1-t0",
      "begin" : 71,
      "end" : 75,
      "text" : "Here",
      "whiteSpace" : false
    }, {
      "id" : "s1-t1",
      "begin" : 75,
      "end" : 77,
      "text" : "'s",
      "whiteSpace" : false
    }, {
      "id" : "s1-t2",
      "begin" : 78,
      "end" : 81,
      "text" : "why",
      "whiteSpace" : false
    }, {
      "id" : "s1-t3",
      "begin" : 82,
      "end" : 84,
      "text" : "an",
      "whiteSpace" : false
    }, {
      "id" : "s1-t4",
      "begin" : 85,
      "end" : 93,
      "text" : "incident",
      "whiteSpace" : false
    }, {
      "id" : "s1-t5",
      "begin" : 94,
      "end" : 98,
      "text" : "case",
      "whiteSpace" : false
    }, {
      "id" : "s1-t6",
      "begin" : 99,
      "end" : 109,
      "text" : "management",
      "whiteSpace" : false
    }, {
      "id" : "s1-t7",
      "begin" : 110,
      "end" : 117,
      "text" : "program",
      "whiteSpace" : false
    }, {
      "id" : "s1-t8",
      "begin" : 118,
      "end" : 125,
      "text" : "matters",
      "whiteSpace" : false
    }, {
      "id" : "s1-t9",
      "begin" : 126,
      "end" : 129,
      "text" : "for",
      "whiteSpace" : false
    }, {
      "id" : "s1-t10",
      "begin" : 130,
      "end" : 134,
      "text" : "your",
      "whiteSpace" : false
    }, {
      "id" : "s1-t11",
      "begin" : 135,
      "end" : 143,
      "text" : "employee",
      "whiteSpace" : false
    }, {
      "id" : "s1-t12",
      "begin" : 143,
      "end" : 145,
      "text" : "'s",
      "whiteSpace" : false
    }, {
      "id" : "s1-t13",
      "begin" : 146,
      "end" : 152,
      "text" : "health",
      "whiteSpace" : false
    }, {
      "id" : "s1-t14",
      "begin" : 153,
      "end" : 156,
      "text" : "and",
      "whiteSpace" : false
    }, {
      "id" : "s1-t15",
      "begin" : 157,
      "end" : 161,
      "text" : "your",
      "whiteSpace" : false
    }, {
      "id" : "s1-t16",
      "begin" : 162,
      "end" : 168,
      "text" : "bottom",
      "whiteSpace" : false
    }, {
      "id" : "s1-t17",
      "begin" : 169,
      "end" : 173,
      "text" : "line",
      "whiteSpace" : false
    }, {
      "id" : "s1-t18",
      "begin" : 173,
      "end" : 174,
      "text" : ":",
      "whiteSpace" : false
    }, {
      "id" : "s1-t19",
      "begin" : 175,
      "end" : 198,
      "text" : "https://t.co/Ptk9ziJXKX",
      "whiteSpace" : false
    }, {
      "id" : "s1-t20",
      "begin" : 199,
      "end" : 211,
      "text" : "AxiomMedical",
      "whiteSpace" : false
    }, {
      "id" : "s1-t21",
      "begin" : 212,
      "end" : 218,
      "text" : "injury",
      "whiteSpace" : false
    }, {
      "id" : "s1-t22",
      "begin" : 219,
      "end" : 235,
      "text" : "injuryprevention",
      "whiteSpace" : false
    }, {
      "id" : "s1-t23",
      "begin" : 236,
      "end" : 258,
      "text" : "incidentcasemanagement",
      "whiteSpace" : false
    }, {
      "id" : "s1-t24",
      "begin" : 259,
      "end" : 267,
      "text" : "losttime",
      "whiteSpace" : false
    }, {
      "id" : "s1-t25",
      "begin" : 268,
      "end" : 291,
      "text" : "https://t.co/VKw0K0mWvn",
      "whiteSpace" : false
    } ]
  } ],
  "mentions" : [ {
    "id" : "s1-m0",
    "properties" : {
      "SIRE_ENTITY_SUBTYPE" : "NONE",
      "SIRE_MENTION_TYPE" : "NONE",
      "SIRE_MENTION_ROLE" : "healthcare",
      "SIRE_MENTION_CLASS" : "SPC"
    },
    "type" : "healthcare",
    "begin" : 146,
    "end" : 152,
    "inCoref" : false
  }, {
    "id" : "s1-m1",
    "properties" : {
      "SIRE_ENTITY_SUBTYPE" : "NONE",
      "SIRE_MENTION_TYPE" : "NONE",
      "SIRE_MENTION_ROLE" : "safety",
      "SIRE_MENTION_CLASS" : "SPC"
    },
    "type" : "safety",
    "begin" : 212,
    "end" : 218,
    "inCoref" : false
  } ],
  "relations" : [ ],
  "corefs" : [ ],
  "typeResolved" : true,
  "userResolved" : false
}